# t,x,x,xhat,xhat
0.000000000000000000e+00,6.889340787383592124e-01,1.342034221731362109e+00,8.068893407873836132e-01,8.134203422173136300e-01
2.000000000000000042e-02,6.665587509171058134e-01,1.370630867977848277e+00,6.662883775582464363e-01,6.916159027326580500e-01
4.000000000000000083e-02,6.454134923185828043e-01,1.398444951558029059e+00,5.671496376481610646e-01,6.220441051842466873e-01
5.999999999999999778e-02,6.254310976876744643e-01,1.425519076342565805e+00,5.006832105745158135e-01,5.946816862434035622e-01
8.000000000000000167e-02,6.065488464045435402e-01,1.451892705671943284e+00,4.598978252901078645e-01,6.015077895183915668e-01
1.000000000000000056e-01,5.887080088665775923e-01,1.477602566281818408e+00,4.392321806403811646e-01,6.360848742983998827e-01
1.199999999999999956e-01,5.718534329870248456e-01,1.502682981984039490e+00,4.342594964381510936e-01,6.932202122174375702e-01
1.400000000000000133e-01,5.559331963920816078e-01,1.527166149919242155e+00,4.414525225189396274e-01,7.686956751885247741e-01
1.600000000000000033e-01,5.408983125860085117e-01,1.551082369797473604e+00,4.579991494918684847e-01,8.590569079003652631e-01
1.799999999999999933e-01,5.267024815003840121e-01,1.574460234631377853e+00,4.816608125423026965e-01,9.614553863683772406e-01
2.000000000000000111e-01,5.133018765713054377e-01,1.597326789930448854e+00,5.038434182214606150e-01,1.060428155760612334e+00
2.200000000000000011e-01,5.006549618888257447e-01,1.619707667081502489e+00,5.180166947935844757e-01,1.143715736720447351e+00
2.399999999999999911e-01,4.887223341052711056e-01,1.641627195627280544e+00,5.260399809931752824e-01,1.214469302354517444e+00
2.600000000000000089e-01,4.774665847259234597e-01,1.663108498324522788e+00,5.293749790209186790e-01,1.275189020310969035e+00
2.800000000000000266e-01,4.668521791772894391e-01,1.684173572178638389e+00,5.291691926295599702e-01,1.327859405917621860e+00
2.999999999999999889e-01,4.568453496861388796e-01,1.704843358086243210e+00,5.263219287628458920e-01,1.374056498046286157e+00
3.200000000000000067e-01,4.474139995312277351e-01,1.725137801247431657e+00,5.215365045690671941e-01,1.415032726393259388e+00
3.400000000000000244e-01,4.385276166685289079e-01,1.745075904119505861e+00,5.153615406600448035e-01,1.451784115599384251e+00
3.599999999999999867e-01,4.301571950953892998e-01,1.764675773359274835e+00,5.082236196864997613e-01,1.485103503673296910e+00
3.800000000000000044e-01,4.222751626218302357e-01,1.783954661930926111e+00,5.004531133116957298e-01,1.515622686143504261e+00
4.000000000000000222e-01,4.148553139684105218e-01,1.802929007331909084e+00,4.923046041487959545e-01,1.543845791055179051e+00
4.199999999999999845e-01,4.078727483180655811e-01,1.821614466702885737e+00,4.839730313712968801e-01,1.570175709989914070e+00
4.400000000000000022e-01,4.013038106210755629e-01,1.840025949433514496e+00,4.756064530608041796e-01,1.594935030345554505e+00
4.600000000000000200e-01,3.951260360936084126e-01,1.858177647748560091e+00,4.673161319185612506e-01,1.618382613308694928e+00
4.799999999999999822e-01,3.893180974660065963e-01,1.876083065654289728e+00,4.591845034547991089e-01,1.640726723783651142e+00
5.000000000000000000e-01,3.838597546312590425e-01,1.893755046539717046e+00,4.512714690523638716e-01,1.662135429953986332e+00
5.200000000000000178e-01,3.787318064204088786e-01,1.911205799657941906e+00,4.436193639474665384e-01,1.682744840816025045e+00
5.400000000000000355e-01,3.739160442929547745e-01,1.928446925656987831e+00,4.362568770940244423e-01,1.702665631763297993e+00
5.600000000000000533e-01,3.693952077791257116e-01,1.945489441284957710e+00,4.292021420548518540e-01,1.721988214646113846e+00
5.799999999999999600e-01,3.651529415493863229e-01,1.962343803359114514e+00,4.224651723092013866e-01,1.740786834559713281e+00
5.999999999999999778e-01,3.611737540164791094e-01,1.979019932061033993e+00,4.160497781628664793e-01,1.759122816872972894e+00
6.199999999999999956e-01,3.574429773982713554e-01,1.995527233598912265e+00,4.099550738010351858e-01,1.777047141487203774e+00
6.400000000000000133e-01,3.539467291869529686e-01,2.011874622262265433e+00,4.041766603581227191e-01,1.794602484469327575e+00
6.600000000000000311e-01,3.506718749828224291e-01,2.028070541882657007e+00,3.987075529448230182e-01,1.811824838022855877e+00
6.800000000000000488e-01,3.476059926599255334e-01,2.044122986705897649e+00,3.935389053829482231e-01,1.828744796649647064e+00
7.000000000000000666e-01,3.447373378369441022e-01,2.060039521675680607e+00,3.886605751716957213e-01,1.845388579053058642e+00
7.199999999999999734e-01,3.420548106306111613e-01,2.075827302125274443e+00,3.840615623262946254e-01,1.861778840839019455e+00
7.399999999999999911e-01,3.395479236710815529e-01,2.091493092872191983e+00,3.797303487021168045e-01,1.877935321593885210e+00
7.600000000000000089e-01,3.372067713595465754e-01,2.107043286710305274e+00,3.756551588569806976e-01,1.893875360829446519e+00
7.800000000000000266e-01,3.350220003483017628e-01,2.122483922294359004e+00,3.718241591050862604e-01,1.909614310089370770e+00
8.000000000000000444e-01,3.329847812227400561e-01,2.137820701412954882e+00,3.682256079352894673e-01,1.925165862814069762e+00
8.200000000000000622e-01,3.310867813635758883e-01,2.153059005647664392e+00,3.648479682124056711e-01,1.940542319050821085e+00
8.399999999999999689e-01,3.293201389661870038e-01,2.168203912417781876e+00,3.616799894011080707e-01,1.955754798525955795e+00
8.599999999999999867e-01,3.276774381924280055e-01,2.183260210412217184e+00,3.587107663276800640e-01,1.970813412770463291e+00
8.800000000000000044e-01,3.261516854287270784e-01,2.198232414412069513e+00,3.559297796303618200e-01,1.985727404754498160e+00
9.000000000000000222e-01,3.247362866228032385e-01,2.213124779509418882e+00,3.533269219691600460e-01,2.000505262717264809e+00
9.200000000000000400e-01,3.234250256699897075e-01,2.227941314729776412e+00,3.508925132112993284e-01,2.015154813479389517e+00
9.400000000000000577e-01,3.222120438189595704e-01,2.242685796067406923e+00,3.486173071319664807e-01,2.029683299418118647e+00
9.599999999999999645e-01,3.210918200656434074e-01,2.257361778944344088e+00,3.464924916344325201e-01,2.044097442410571119e+00
9.799999999999999822e-01,3.200591525033192886e-01,2.271972610105355450e+00,3.445096840696151852e-01,2.058403497358441303e+00
1.000000000000000000e+00,3.191091405962452332e-01,2.286521438962362929e+00,3.426609228993927059e-01,2.072607297360800072e+00
1.020000000000000018e+00,3.182371683437924537e-01,2.301011228402890740e+00,3.409386566820962194e-01,2.086714292169634888e+00
1.040000000000000036e+00,3.174388883018137708e-01,2.315444765077993683e+00,3.393357311480337812e-01,2.100729581221545406e+00
1.060000000000000053e+00,3.167102064279356255e-01,2.329824669185835528e+00,3.378453749661181060e-01,2.114657942269552837e+00
1.080000000000000071e+00,3.160472677175822920e-01,2.344153403767630373e+00,3.364611846705746756e-01,2.128503856426275043e+00
1.100000000000000089e+00,3.154464425978085740e-01,2.358433283533052371e+00,3.351771091120905322e-01,2.142271530261852241e+00
1.120000000000000107e+00,3.149043140464202750e-01,2.372666483232484413e+00,3.339874337149205119e-01,2.155964915467576404e+00
1.140000000000000124e+00,3.144176654043820962e-01,2.386855045593593960e+00,3.328867647558926279e-01,2.169587726491706281e+00
1.159999999999999920e+00,3.139834688501372817e-01,2.401000888839750935e+00,3.318700138293663171e-01,2.183143456471585697e+00
1.179999999999999938e+00,3.135988745051727644e-01,2.415105813807712831e+00,3.309323826211733044e-01,2.196635391721234676e+00
1.199999999999999956e+00,3.132612001409497693e-01,2.429171510681832569e+00,3.300693480821699222e-01,2.210066624982372829e+00
1.219999999999999973e+00,3.129679214581641000e-01,2.443199565361799053e+00,3.292766480664770512e-01,2.223440067606466286e+00
1.239999999999999991e+00,3.127166629101932327e-01,2.457191465480606407e+00,3.285502674793681632e-01,2.236758460803556670e+00
1.260000000000000009e+00,3.125051890435169843e-01,2.471148606089078825e+00,3.278864249639804607e-01,2.250024386068497861e+00
1.280000000000000027e+00,3.123313963288548156e-01,2.485072295022870748e+00,3.272815601436701582e-01,2.263240274875407909e+00
1.300000000000000044e+00,3.121933054577357702e-01,2.498963757967412658e+00,3.267323214272213616e-01,2.276408417715456878e+00
1.320000000000000062e+00,3.120890540802011559e-01,2.512824143235792729e+00,3.262355543766765065e-01,2.289530972540703146e+00
1.340000000000000080e+00,3.120168899603234514e-01,2.526654526274066281e+00,3.257882906318521066e-01,2.302609972666846527e+00
1.360000000000000098e+00,3.119751645272075269e-01,2.540455913907975649e+00,3.253877373812728568e-01,2.315647334179925299e+00
1.380000000000000115e+00,3.119623268001110450e-01,2.554229248344527914e+00,3.250312673660245011e-01,2.328644862885739020e+00
1.400000000000000133e+00,3.119769176672788080e-01,2.567975410941357950e+00,3.247164094006651514e-01,2.341604260835747464e+00
1.419999999999999929e+00,3.120175644990256236e-01,2.581695225756265533e+00,3.244408393936623058e-01,2.354527132459158345e+00
1.439999999999999947e+00,3.120829760765209127e-01,2.595389462888789911e+00,3.242023718487018757e-01,2.367414990327612934e+00
1.459999999999999964e+00,3.121719378186235683e-01,2.609058841625156777e+00,3.239989518275256941e-01,2.380269260576199031e+00
1.479999999999999982e+00,3.122833072899847129e-01,2.622704033397423196e+00,3.238286473546052591e-01,2.393091288002275885e+00
1.500000000000000000e+00,3.124160099744778818e-01,2.636325664567130467e+00,3.236896422438796384e-01,2.405882340861743796e+00
1.520000000000000018e+00,3.125690352988291232e-01,2.649924319043289511e+00,3.235802293279120834e-01,2.418643615380813294e+00
1.540000000000000036e+00,3.127414328921037656e-01,2.663500540744038414e+00,3.234988040701098355e-01,2.431376239999971212e+00
1.560000000000000053e+00,3.129323090674600572e-01,2.677054835910840147e+00,3.234438585410607803e-01,2.444081279365686754e+00
1.580000000000000071e+00,3.131408235133033013e-01,2.690587675283647506e+00,3.234139757405458115e-01,2.456759738084364209e+00
1.600000000000000089e+00,3.133661861816675054e-01,2.704099496145017323e+00,3.234078242473550358e-01,2.469412564252132292e+00
1.620000000000000107e+00,3.136076543623143587e-01,2.717590704240737232e+00,3.234241531796553382e-01,2.482040652773248368e+00
1.640000000000000124e+00,3.138645299316732418e-01,2.731061675584132153e+00,3.234617874493062040e-01,2.494644848479145693e+00
1.660000000000000142e+00,3.141361567663495946e-01,2.744512758150822407e+00,3.235196232941908168e-01,2.507225949059457726e+00
1.679999999999999938e+00,3.144219183115048444e-01,2.757944273470340324e+00,3.235966240733073596e-01,2.519784707815742042e+00
1.699999999999999956e+00,3.147212352949585457e-01,2.771356518120656531e+00,3.236918163100461765e-01,2.532321836248011326e+00
1.719999999999999973e+00,3.150335635783838573e-01,2.784749765131332211e+00,3.238042859697510822e-01,2.544838006483641113e+00
1.739999999999999991e+00,3.153583921374619181e-01,2.798124265300686364e+00,3.239331749583286291e-01,2.557333853557709258e+00
1.760000000000000009e+00,3.156952411633290323e-01,2.811480248432070006e+00,3.240776778293191773e-01,2.569809977553313196e+00
1.780000000000000027e+00,3.160436602780958282e-01,2.824817924494036792e+00,3.242370386874757204e-01,2.582266945609967834e+00
1.800000000000000044e+00,3.164032268576371654e-01,2.838137484708933567e+00,3.244105482775117011e-01,2.594705293807739732e+00
1.820000000000000062e+00,3.167735444552514656e-01,2.851439102574166551e+00,3.245975412472710819e-01,2.607125528934346903e+00
1.840000000000000080e+00,3.171542413201630661e-01,2.864722934820149725e+00,3.247973935751470309e-01,2.619528130142073863e+00
1.860000000000000098e+00,3.175449690051986851e-01,2.877989122308710623e+00,3.250095201521227550e-01,2.631913550500961652e+00
1.880000000000000115e+00,3.179454010583045998e-01,2.891237790875500924e+00,3.252333725093355943e-01,2.644282218454387046e+00
1.900000000000000133e+00,3.183552317928884379e-01,2.904469052119750927e+00,3.254684366825687514e-01,2.656634539182785915e+00
1.919999999999999929e+00,3.187741751322702433e-01,2.917683004144511205e+00,3.257142312055547051e-01,2.668970895880974137e+00
1.939999999999999947e+00,3.192019635238081965e-01,2.930879732250327940e+00,3.259703052244327659e-01,2.681291650954197969e+00
1.959999999999999964e+00,3.196383469185325454e-01,2.944059309585127515e+00,3.262362367261400498e-01,2.693597147137757997e+00
1.979999999999999982e+00,3.200830918123713231e-01,2.957221797752918047e+00,3.265116308739279272e-01,2.705887708544776338e+00
2.000000000000000000e+00,3.205359803452876299e-01,2.970367247383754350e+00,3.267961184435911326e-01,2.718163641646407669e+00
2.020000000000000018e+00,3.209968094548723561e-01,2.983495698667264051e+00,3.270893543543686999e-01,2.730425236188553484e+00
2.040000000000000036e+00,3.214653900811442200e-01,2.996607181851894897e+00,3.273910162888295505e-01,2.742672766048900979e+00
2.060000000000000053e+00,3.219415464195077292e-01,3.009701717711908309e+00,3.277008033963912936e-01,2.754906490037876576e+00
2.080000000000000071e+00,3.224251152190041880e-01,3.022779317984021663e+00,3.280184350754364875e-01,2.767126652646902940e+00
2.100000000000000089e+00,3.229159451231667921e-01,3.035839985775479200e+00,3.283436498292900962e-01,2.779333484747150251e+00
2.120000000000000107e+00,3.234138960509538308e-01,3.048883715945228889e+00,3.286762041916046484e-01,2.791527204241766924e+00
2.140000000000000124e+00,3.239188386153899479e-01,3.061910495459773784e+00,3.290158717169668900e-01,2.803708016674414161e+00
2.160000000000000142e+00,3.244306535776890765e-01,3.074920303725166892e+00,3.293624420327912472e-01,2.815876115796755563e+00
2.180000000000000160e+00,3.249492313347709938e-01,3.087913112896531143e+00,3.297157199488026103e-01,2.828031684097383369e+00
2.200000000000000178e+00,3.254744714382103998e-01,3.100888888166396296e+00,3.300755246206356630e-01,2.840174893294528768e+00
2.220000000000000195e+00,3.260062821427787694e-01,3.113847588033063829e+00,3.304416887642878664e-01,2.852305904794752323e+00
2.240000000000000213e+00,3.265445799828525231e-01,3.126789164550134448e+00,3.308140579183628249e-01,2.864424870119674171e+00
2.260000000000000231e+00,3.270892893750674824e-01,3.139713563558262255e+00,3.311924897512271704e-01,2.876531931302693579e+00
2.280000000000000249e+00,3.276403422457003778e-01,3.152620724900128124e+00,3.315768534103805676e-01,2.888627221257503930e+00
2.300000000000000266e+00,3.281976776813507746e-01,3.165510582619563529e+00,3.319670289115033146e-01,2.900710864120123578e+00
2.319999999999999840e+00,3.287612416015873729e-01,3.178383065145699682e+00,3.323629065648029957e-01,2.912782975566041266e+00
2.339999999999999858e+00,3.293309864523037422e-01,3.191238095462951563e+00,3.327643864364275283e-01,2.924843663103981584e+00
2.359999999999999876e+00,3.299068709186077641e-01,3.204075591267601553e+00,3.331713778428488371e-01,2.936893026347699998e+00
2.379999999999999893e+00,3.304888596561424419e-01,3.216895465111694552e+00,3.335837988762529460e-01,2.948931157267133951e+00
2.399999999999999911e+00,3.310769230398041829e-01,3.229697624534909828e+00,3.340015759590919675e-01,2.960958140420152152e+00
2.419999999999999929e+00,3.316710369288898286e-01,3.242481972185028205e+00,3.344246434260693124e-01,2.972974053166061559e+00
2.439999999999999947e+00,3.322711824477648235e-01,3.255248405927575472e+00,3.348529431319356986e-01,2.984978965861970313e+00
2.459999999999999964e+00,3.328773457812020387e-01,3.267996818945182902e+00,3.352864240835760623e-01,2.996972942043020893e+00
2.479999999999999982e+00,3.334895179835945522e-01,3.280727099827166260e+00,3.357250420949602354e-01,3.008956038587458082e+00
2.500000000000000000e+00,3.341076948012965953e-01,3.293439132649792267e+00,3.361687594636220688e-01,3.020928305867426111e+00
2.520000000000000018e+00,3.347318765073947766e-01,3.306132797047668159e+00,3.366175446674125604e-01,3.032889787886335675e+00
2.540000000000000036e+00,3.353620677482558321e-01,3.318807968276659359e+00,3.370713720803534819e-01,3.044840522403588601e+00
2.560000000000000053e+00,3.359982774012405526e-01,3.331464517268709624e+00,3.375302217064903854e-01,3.056780541047391164e+00
2.580000000000000071e+00,3.366405184430122932e-01,3.344102310678913170e+00,3.379940789307144255e-01,3.068709869416354152e+00
2.600000000000000089e+00,3.372888078279063229e-01,3.356721210925158960e+00,3.384629342855862144e-01,3.080628527170514719e+00
2.620000000000000107e+00,3.379431663758620252e-01,3.369321076220645139e+00,3.389367832332582653e-01,3.092536528112384442e+00
2.640000000000000124e+00,3.386036186694525441e-01,3.381901760599537177e+00,3.394156259616474824e-01,3.104433880258588907e+00
2.660000000000000142e+00,3.392701929595787202e-01,3.394463113936021958e+00,3.398994671940653856e-01,3.116320585902617957e+00
2.680000000000000160e+00,3.399429210794226441e-01,3.407004981956986533e+00,3.403883160115638851e-01,3.128196641669183098e+00
2.700000000000000178e+00,3.406218383662859561e-01,3.419527206248534679e+00,3.408821856873020528e-01,3.140062038560629709e+00
2.720000000000000195e+00,3.413069835909623984e-01,3.432029624256532685e+00,3.413810935322841855e-01,3.151916761995840588e+00
2.740000000000000213e+00,3.419983988943211539e-01,3.444512069281354893e+00,3.418850607518616469e-01,3.163760791842013198e+00
2.760000000000000231e+00,3.426961297307997700e-01,3.456974370466989743e+00,3.423941123124319974e-01,3.175594102439692534e+00
2.780000000000000249e+00,3.434002248185288875e-01,3.469416352784644442e+00,3.429082768178037810e-01,3.187416662621388674e+00
2.800000000000000266e+00,3.441107360958317041e-01,3.481837837010970826e+00,3.434275863947330310e-01,3.199228435724104536e+00
2.819999999999999840e+00,3.448277186838619723e-01,3.494238639701023885e+00,3.439520765871694752e-01,3.211029379596061162e+00
2.839999999999999858e+00,3.455512308551627609e-01,3.506618573156045748e+00,3.444817862587816193e-01,3.222819446597897208e+00
2.859999999999999876e+00,3.462813340079478053e-01,3.518977445386157310e+00,3.450167575033597500e-01,3.234598583598585986e+00
2.879999999999999893e+00,3.470180926459231485e-01,3.531315060068023204e+00,3.455570355627233803e-01,3.246366731966302765e+00
2.899999999999999911e+00,3.477615743634853707e-01,3.543631216497542535e+00,3.461026687517859690e-01,3.258123827554454177e+00
2.919999999999999929e+00,3.485118498361468031e-01,3.555925709537611556e+00,3.466537083904542849e-01,3.269869800683061545e+00
2.939999999999999947e+00,3.492689928160551127e-01,3.568198329560980486e+00,3.472102087420637639e-01,3.281604576115669580e+00
2.959999999999999964e+00,3.500330801324881280e-01,3.580448862388226239e+00,3.477722269580721393e-01,3.293328073031943415e+00
2.979999999999999982e+00,3.508041916972198804e-01,3.592677089220844611e+00,3.483398230287562680e-01,3.305040204996096076e+00
3.000000000000000000e+00,3.515824105146670431e-01,3.604882786569453046e+00,3.489130597396747913e-01,3.316740879921272089e+00
3.020000000000000018e+00,3.523678226967382199e-01,3.617065726177088436e+00,3.494920026336804098e-01,3.328430000030003555e+00
3.040000000000000036e+00,3.531605174823214677e-01,3.629225674937570645e+00,3.500767199782809924e-01,3.340107461810834177e+00
3.060000000000000053e+00,3.539605872613580395e-01,3.641362394808887792e+00,3.506672827381682733e-01,3.351773155971199625e+00
3.080000000000000071e+00,3.547681276034626019e-01,3.653475642721556227e+00,3.512637645527469377e-01,3.363426967386639266e+00
3.100000000000000089e+00,3.555832372910614492e-01,3.665565170481888124e+00,3.518662417185131064e-01,3.375068775046392133e+00
3.120000000000000107e+00,3.564060183570331719e-01,3.677630724670095219e+00,3.524747931761469388e-01,3.386698451995437065e+00
3.140000000000000124e+00,3.572365761268462281e-01,3.689672046533141625e+00,3.530895005021967847e-01,3.398315865273000558e+00
3.160000000000000142e+00,3.580750192652009667e-01,3.701688871872249820e+00,3.537104479052460837e-01,3.409920875847564758e+00
3.180000000000000160e+00,3.589214598271932566e-01,3.713680930924953660e+00,3.543377222264686432e-01,3.421513338548390681e+00
3.200000000000000178e+00,3.597760133140296968e-01,3.725647948241573193e+00,3.549714129444885291e-01,3.433093101993552221e+00
3.220000000000000195e+00,3.606387987333342093e-01,3.737589642555988245e+00,3.556116121844745681e-01,3.444660008514477845e+00
3.240000000000000213e+00,3.615099386640980295e-01,3.749505726650557591e+00,3.562584147314098448e-01,3.456213894076975546e+00
3.260000000000000231e+00,3.623895593263362636e-01,3.761395907215037582e+00,3.569119180474895625e-01,3.467754588198717514e+00
3.280000000000000249e+00,3.632777906555248459e-01,3.773259884699322164e+00,3.575722222936101868e-01,3.479281913863141895e+00
3.300000000000000266e+00,3.641747663819044356e-01,3.785097353159831979e+00,3.582394303549247816e-01,3.490795687429710359e+00
3.320000000000000284e+00,3.650806241147486753e-01,3.796908000099349589e+00,3.589136478704497146e-01,3.502295718540475722e+00
3.339999999999999858e+00,3.659955054317062251e-01,3.808691506300097007e+00,3.595949832667178492e-01,3.513781810022875707e+00
3.359999999999999876e+00,3.669195559733386403e-01,3.820447545649830356e+00,3.602835477954852150e-01,3.525253757788672448e+00
3.379999999999999893e+00,3.678529255429885403e-01,3.832175784960713649e+00,3.609794555755065359e-01,3.536711350728943160e+00
3.399999999999999911e+00,3.687957682121249525e-01,3.843875883780717650e+00,3.616828236384068140e-01,3.548154370605018926e+00
3.419999999999999929e+00,3.697482424313263127e-01,3.855547494197273828e+00,3.623937719786850531e-01,3.559582591935249951e+00
3.439999999999999947e+00,3.707105111470757608e-01,3.867190260632897836e+00,3.631124236078968615e-01,3.570995781877476460e+00
3.459999999999999964e+00,3.716827419245563591e-01,3.878803819632475669e+00,3.638389046130739435e-01,3.582393700107059153e+00
3.479999999999999982e+00,3.726651070766503482e-01,3.890387799641890521e+00,3.645733442194463714e-01,3.593776098690320886e+00
3.500000000000000000e+00,3.736577837993597662e-01,3.901941820777647951e+00,3.653158748575467962e-01,3.605142721953237483e+00
3.520000000000000018e+00,3.746609543138842979e-01,3.913465494587136106e+00,3.660666322347839730e-01,3.616493306345199166e+00
3.540000000000000036e+00,3.756748060156062663e-01,3.924958423799136398e+00,3.668257554115852415e-01,3.627827580297650290e+00
3.560000000000000053e+00,3.766995316302529373e-01,3.936420202064177420e+00,3.675933868822180983e-01,3.639145264077412900e+00
3.580000000000000071e+00,3.777353293775221887e-01,3.947850413684303117e+00,3.683696726604124838e-01,3.650446069634471602e+00
3.600000000000000089e+00,3.787824031424789628e-01,3.959248633331795997e+00,3.691547623699164560e-01,3.661729700443985713e+00
3.620000000000000107e+00,3.798409626550489637e-01,3.970614425756376242e+00,3.699488093401306910e-01,3.672995851342290674e+00
3.640000000000000124e+00,3.809112236779580440e-01,3.981947345480365996e+00,3.707519707069796278e-01,3.684244208356619588e+00
3.660000000000000142e+00,3.819934082034881495e-01,3.993246936481276599e+00,3.715644075191891216e-01,3.695474448528270006e+00
3.680000000000000160e+00,3.830877446594448954e-01,4.004512731861249897e+00,3.723862848501542366e-01,3.706686239728919308e+00
3.700000000000000178e+00,3.841944681247564941e-01,4.015744253502749217e+00,3.732177719155957418e-01,3.717879240469772917e+00
3.720000000000000195e+00,3.853138205551512319e-01,4.026941011709859630e+00,3.740590421972160851e-01,3.729053099703216745e+00
3.740000000000000213e+00,3.864460510193884479e-01,4.038102504834519380e+00,3.749102735725838853e-01,3.740207456616620352e+00
3.760000000000000231e+00,3.875914159465486120e-01,4.049228218886971042e+00,3.757716484514885269e-01,3.751341940417913801e+00
3.780000000000000249e+00,3.887501793849190701e-01,4.060317627129669482e+00,3.766433539190264801e-01,3.762456170112548293e+00
3.800000000000000266e+00,3.899226132730475025e-01,4.071370189653842786e+00,3.775255818856955714e-01,3.773549754271416923e+00
3.820000000000000284e+00,3.911089977235696624e-01,4.082385352937859757e+00,3.784185292447943549e-01,3.784622290789300347e+00
3.839999999999999858e+00,3.923096213204574356e-01,4.093362549386500682e+00,3.793223980374418325e-01,3.795673366633357304e+00
3.859999999999999876e+00,3.935247814303738378e-01,4.104301196850174804e+00,3.802373956255535870e-01,3.806702557581178148e+00
3.879999999999999893e+00,3.947547845288653656e-01,4.115200698123075540e+00,3.811637348731332087e-01,3.817709427947862277e+00
3.899999999999999911e+00,3.959999465421686904e-01,4.126060440419195174e+00,3.821016343362597101e-01,3.828693530301575887e+00
3.919999999999999929e+00,3.972605932054583122e-01,4.136879794825062184e+00,3.830513184621762157e-01,3.839654405166994966e+00
3.939999999999999947e+00,3.985370604384150250e-01,4.147658115727995920e+00,3.840130177979129700e-01,3.850591580716014484e+00
3.959999999999999964e+00,3.998296947390522771e-01,4.158394740218590790e+00,3.849869692089028517e-01,3.861504572445066508e+00
3.979999999999999982e+00,4.011388535967976843e-01,4.169088987466063934e+00,3.859734161080783377e-01,3.872392882838344708e+00
4.000000000000000000e+00,4.024649059258925132e-01,4.179740158065032851e+00,3.869726086959703326e-01,3.883256001016200720e+00
4.020000000000000462e+00,4.038082325202416167e-01,4.190347533352166032e+00,3.879848042123619223e-01,3.894093402367932555e+00
4.040000000000000036e+00,4.051692265309211893e-01,4.200910374691081195e+00,3.890102672000848583e-01,3.904904548168123934e+00
4.060000000000000497e+00,4.065482939676315910e-01,4.211427922723752104e+00,3.900492697815869381e-01,3.915688885175673928e+00
4.080000000000000071e+00,4.079458542254690290e-01,4.221899396586562325e+00,3.911020919489358594e-01,3.926445845214565633e+00
4.099999999999999645e+00,4.093623406384823138e-01,4.232323993089039504e+00,3.921690218679705353e-01,3.937174844735399581e+00
4.120000000000000107e+00,4.107982010615798818e-01,4.242700885853172288e+00,3.932503561973555994e-01,3.947875284356634040e+00
4.139999999999999680e+00,4.122538984824596353e-01,4.253029224411061016e+00,3.943464004233455666e-01,3.958546548384421548e+00
4.160000000000000142e+00,4.137299116653490039e-01,4.263308133258522759e+00,3.954574692111160750e-01,3.969188004309859963e+00
4.179999999999999716e+00,4.152267358284662535e-01,4.273536710862098964e+00,3.965838867735793083e-01,3.979799002282398135e+00
4.200000000000000178e+00,4.167448833572479083e-01,4.283714028616747882e+00,3.977259872586580425e-01,3.990378874558059064e+00
4.219999999999999751e+00,4.182848845555305894e-01,4.293839129751320094e+00,3.988841151560604814e-01,4.000926934921070099e+00
4.240000000000000213e+00,4.198472884370307856e-01,4.303911028178709408e+00,4.000586257246673272e-01,4.011442478077370311e+00
4.259999999999999787e+00,4.214326635596337134e-01,4.313928707287366215e+00,4.012498854417170802e-01,4.021924779018402951e+00
4.280000000000000249e+00,4.230415989051833359e-01,4.323891118670624145e+00,4.024582724750580542e-01,4.032373092353473965e+00
4.299999999999999822e+00,4.246747048076606190e-01,4.333797180790043058e+00,4.036841771798205247e-01,4.042786651608844650e+00
4.320000000000000284e+00,4.263326139328496023e-01,4.343645777568700517e+00,4.049280026209579608e-01,4.053164668491623601e+00
4.339999999999999858e+00,4.280159823128185659e-01,4.353435756910074339e+00,4.061901651232062704e-01,4.063506332116369357e+00
4.360000000000000320e+00,4.297254904387921015e-01,4.363165929137844401e+00,4.074710948501190644e-01,4.073810808192199318e+00
4.379999999999999893e+00,4.314618444162588440e-01,4.372835065351601713e+00,4.087712364139534094e-01,4.084077238168031698e+00
4.400000000000000355e+00,4.332257771864498341e-01,4.382441895693085954e+00,4.100910495183092697e-01,4.094304738333433669e+00
4.419999999999999929e+00,4.350180498186401179e-01,4.391985107517166753e+00,4.114310096355600077e-01,4.104492398872381820e+00
4.440000000000000391e+00,4.368394528780685238e-01,4.401463343461365696e+00,4.127916087212608609e-01,4.114639282867030623e+00
4.459999999999999964e+00,4.386908078746442063e-01,4.410875199407228386e+00,4.141733559678821841e-01,4.124744425248405122e+00
4.480000000000000426e+00,4.405729687980146081e-01,4.420219222326364772e+00,4.155767786003858322e-01,4.134806831690704065e+00
4.500000000000000000e+00,4.424868237450113040e-01,4.429493908003407476e+00,4.170024227163528496e-01,4.144825477445655437e+00
4.520000000000000462e+00,4.444332966459713652e-01,4.438697698627547261e+00,4.184508541735704190e-01,4.154799306113129198e+00
4.540000000000000036e+00,4.464133490969570128e-01,4.447828980243642150e+00,4.199226595282107288e-01,4.164727228343914511e+00
4.560000000000000497e+00,4.484279823054684866e-01,4.456886080053191534e+00,4.214184470269687344e-01,4.174608120470270300e+00
4.580000000000000071e+00,4.504782391578703860e-01,4.465867263554680555e+00,4.229388476567896848e-01,4.184440823059549786e+00
4.600000000000000533e+00,4.525652064174348066e-01,4.474770731511958921e+00,4.244845162560965668e-01,4.194224139385822170e+00
4.620000000000000107e+00,4.546900170626516080e-01,4.483594616738393768e+00,4.260561326917364222e-01,4.203956833814040728e+00
4.639999999999999680e+00,4.568538527762740498e-01,4.492336980683518277e+00,4.276544031061986217e-01,4.213637630090895314e+00
4.660000000000000142e+00,4.590579465964634842e-01,4.500995809807803560e+00,4.292800612400213267e-01,4.223265209536015696e+00
4.679999999999999716e+00,4.613035857423797292e-01,4.509569011729958277e+00,4.309338698347016106e-01,4.232838209126713380e+00
4.700000000000000178e+00,4.635921146276413274e-01,4.518054411129849512e+00,4.326166221218556984e-01,4.242355219468906036e+00
4.719999999999999751e+00,4.659249380762635617e-01,4.526449745388674728e+00,4.343291434048509592e-01,4.251814782646277102e+00
4.740000000000000213e+00,4.683035247569848347e-01,4.534752659946428288e+00,4.360722927396487036e-01,4.261215389939086329e+00
4.759999999999999787e+00,4.707294108533236487e-01,4.542960703354950169e+00,4.378469647221611138e-01,4.270555479403348009e+00
4.780000000000000249e+00,4.732042039882868312e-01,4.551071322002920638e+00,4.396540913900478520e-01,4.279833433300327172e+00
4.799999999999999822e+00,4.757295874243891443e-01,4.559081854487052610e+00,4.414946442475552457e-01,4.289047575365470877e+00
4.820000000000000284e+00,4.783073245615646618e-01,4.566989525601389488e+00,4.433696364227475706e-01,4.298196167904966281e+00
4.839999999999999858e+00,4.809392637576707652e-01,4.574791439914052127e+00,4.452801249672961870e-01,4.307277408707130384e+00
4.860000000000000320e+00,4.836273434986319009e-01,4.582484574897937257e+00,4.472272133098934010e-01,4.316289427754721686e+00
4.879999999999999893e+00,4.863735979478658877e-01,4.590065773578730912e+00,4.492120538753444636e-01,4.325230283723060509e+00
4.900000000000000355e+00,4.891801629075139823e-01,4.597531736660125823e+00,4.512358508824816372e-01,4.334097960247515147e+00
4.919999999999999929e+00,4.920492822271864686e-01,4.604879014082302824e+00,4.532998633352428586e-01,4.342890361942456146e+00
4.940000000000000391e+00,4.949833146994815913e-01,4.612103995965464165e+00,4.554054082225811317e-01,4.351605310152170780e+00
4.959999999999999964e+00,4.979847414854762788e-01,4.619202902885479745e+00,4.575538639443342270e-01,4.360240538412440081e+00
4.980000000000000426e+00,5.010561741177738115e-01,4.626171775423472354e+00,4.597466739817965276e-01,4.368793687599561437e+00
5.000000000000000000e+00,5.042003631335816305e-01,4.633006462925308711e+00,4.619853508335268200e-01,4.377262300741396217e+00
5.020000000000000462e+00,5.074202073957475578e-01,4.639702611400471355e+00,4.642714802389039663e-01,4.385643817462672622e+00
5.040000000000000036e+00,5.107187641657719990e-01,4.646255650482531863e+00,4.666067257141399693e-01,4.393935568034093464e+00
5.060000000000000497e+00,5.140992599996294654e-01,4.652660779365358934e+00,4.689928334278996580e-01,4.402134766991903092e+00
5.080000000000000071e+00,5.175651025448593234e-01,4.658912951620136411e+00,4.714316374463857762e-01,4.410238506291283223e+00
5.100000000000000533e+00,5.211198933259394428e-01,4.665006858788158794e+00,4.739250653807668412e-01,4.418243747953365386e+00
5.120000000000000107e+00,5.247674416145593490e-01,4.670936912633020022e+00,4.764751444731848973e-01,4.426147316161612721e+00
5.139999999999999680e+00,5.285117794922025158e-01,4.676697225923085455e+00,4.790840081613303991e-01,4.433945888758856313e+00
5.160000000000000142e+00,5.323571782245967166e-01,4.682281591600847115e+00,4.817539031657593895e-01,4.441635988091302778e+00
5.179999999999999716e+00,5.363081660812877294e-01,4.687683460179663975e+00,4.844871971488094453e-01,4.449213971140243196e+00
5.200000000000000178e+00,5.403695477490481069e-01,4.692895915190277378e+00,4.872863869992163921e-01,4.456676018875987744e+00
5.219999999999999751e+00,5.445464255053058533e-01,4.697911646479038694e+00,4.901541078024095888e-01,4.464018124761604867e+00
5.240000000000000213e+00,5.488442223375551432e-01,4.702722921136682999e+00,4.930931425630651344e-01,4.471236082326226047e+00
5.259999999999999787e+00,5.532687072171347253e-01,4.707321551810352389e+00,4.961064327539136953e-01,4.478325471718949125e+00
5.280000000000000249e+00,5.578260227612121813e-01,4.711698862121932230e+00,4.991970897731526358e-01,4.485281645144533869e+00
5.299999999999999822e+00,5.625227155457601658e-01,4.715845648882160290e+00,5.023684074022249924e-01,4.492099711071025681e+00
5.320000000000000284e+00,5.673657693652707223e-01,4.719752140751734437e+00,5.056238753663577778e-01,4.498774517086997271e+00
5.339999999999999858e+00,5.723626417725540261e-01,4.723407952957145994e+00,5.089671941122675403e-01,4.505300631272008971e+00
5.360000000000000320e+00,5.775213042749195447e-01,4.726802037619329155e+00,5.124022909310480545e-01,4.511672321928029028e+00
5.379999999999999893e+00,5.828502866121901826e-01,4.729922629196559924e+00,5.159333375696808499e-01,4.517883535501534098e+00
5.400000000000000355e+00,5.883587255983361297e-01,4.732757184478169954e+00,5.195647694921360360e-01,4.523927872505651315e+00
5.419999999999999929e+00,5.940564190731947303e-01,4.735292316491344522e+00,5.233013069709593346e-01,4.529798561228525422e+00
5.440000000000000391e+00,5.999538855851276331e-01,4.737513721597947480e+00,5.271479782129546710e-01,4.535488428987779486e+00
5.459999999999999964e+00,6.060624305111554921e-01,4.739406098960216696e+00,5.311101447484869453e-01,4.540989870660934180e+00
5.480000000000000426e+00,6.123942194200001632e-01,4.740953061441149252e+00,5.351935293435551300e-01,4.546294814187435307e+00
5.500000000000000000e+00,6.189623595977741255e-01,4.742137036874975564e+00,5.394042467277069264e-01,4.551394682698826522e+00
5.520000000000000462e+00,6.257809907884364087e-01,4.742939158492357699e+00,5.437488374697730942e-01,4.556280352888812502e+00
5.540000000000000036e+00,6.328653863546988001e-01,4.743339143110326894e+00,5.482343053780992514e-01,4.560942109183615756e+00
5.560000000000000497e+00,6.402320662435235787e-01,4.743315155494408408e+00,5.528681588534023472e-01,4.565369593214005484e+00
5.580000000000000071e+00,6.478989233480997312e-01,4.742843657064962137e+00,5.576584566816963351e-01,4.569551748022486315e+00
5.600000000000000533e+00,6.558853651004498131e-01,4.741899236845649845e+00,5.626138588232462157e-01,4.573476756360808082e+00
5.620000000000000107e+00,6.642124724118149137e-01,4.740454422232275533e+00,5.677436828327860896e-01,4.577131972342538546e+00
5.639999999999999680e+00,6.729031784090996338e-01,4.738479466786754912e+00,5.730579666381326875e-01,4.580503845610740754e+00
5.660000000000000142e+00,6.819824698037449950e-01,4.735942111823927547e+00,5.785675385110372604e-01,4.583577837059500837e+00
5.679999999999999716e+00,6.914776141849383606e-01,4.732807318046659439e+00,5.842840951882598555e-01,4.586338325007091044e+00
5.700000000000000178e+00,7.014184170645676453e-01,4.729036962883331086e+00,5.902202892455200578e-01,4.588768500554627927e+00
5.719999999999999751e+00,7.118375131316667659e-01,4.724589498474940363e+00,5.963898269958652909e-01,4.590850250672957600e+00
5.740000000000000213e+00,7.227706969169512830e-01,4.719419564427022706e+00,6.028075783814899058e-01,4.592564027337389554e+00
5.759999999999999787e+00,7.342572989443583165e-01,4.713477548461276534e+00,6.094897005593634676e-01,4.593888700768939515e+00
5.780000000000000249e+00,7.463406144810228460e-01,4.706709086945724430e+00,6.164537771523860288e-01,4.594801394535060979e+00
5.799999999999999822e+00,7.590683932189009608e-01,4.699054495918225882e+00,6.237189754565948263e-01,4.595277299904198642e+00
5.820000000000000284e+00,7.724933996641888401e-01,4.690448121608559617e+00,6.313062242699571947e-01,4.595289466427214364e+00
5.839999999999999858e+00,7.866740557138931500e-01,4.680817597565571475e+00,6.392384154499208826e-01,4.594808565223141628e+00
5.860000000000000320e+00,8.016751789068671252e-01,4.670082993258319881e+00,6.475406328274363466e-01,4.593802620863308483e+00
5.879999999999999893e+00,8.175688321987943930e-01,4.658155836388255366e+00,6.562404127190722969e-01,4.592236707060424195e+00
5.900000000000000355e+00,8.344353038801801681e-01,4.644937988062893375e+00,6.653680410029826353e-01,4.590072600559072846e+00
5.919999999999999929e+00,8.523642394875046158e-01,4.630320346377965635e+00,6.749568925783604456e-01,4.587268386669359543e+00
5.940000000000000391e+00,8.714559512999556778e-01,4.614181349775764218e+00,6.850438200338603290e-01,4.583778008761322909e+00
5.959999999999999964e+00,8.918229353031993378e-01,4.596385246746521602e+00,6.956695995331140248e-01,4.579550752716200712e+00
5.980000000000000426e+00,9.135916303426545593e-01,4.576780093001002747e+00,7.068794433117330245e-01,4.574530655781203770e+00
6.000000000000000000e+00,9.369044595292953526e-01,4.555195431207509138e+00,7.187235897976477217e-01,4.568655827465311958e+00
6.020000000000000462e+00,9.619221996466564839e-01,4.531439601899561964e+00,7.312579842409784314e-01,4.561857668014200229e+00
6.040000000000000036e+00,9.888267300105653135e-01,4.505296627542720422e+00,7.445450648901920099e-01,4.554059967588028002e+00
6.060000000000000497e+00,1.017824217337924164e+00,4.476522605615150141e+00,7.586546721830831341e-01,4.545177866525482280e+00
6.080000000000000071e+00,1.049148796605308798e+00,4.444841542001007006e+00,7.736651011117836596e-01,4.535116654027490313e+00
6.100000000000000533e+00,1.083066807791162489e+00,4.409940554883046815e+00,7.896643197993282737e-01,4.523770379299748789e+00
6.120000000000000107e+00,1.119881641779602033e+00,4.371464384738783515e+00,8.067513802367058950e-01,4.511020245804684414e+00
6.140000000000000568e+00,1.159939230682547340e+00,4.329009163000246296e+00,8.250380497809087776e-01,4.496732756081827098e+00
6.160000000000000142e+00,1.203634180651090402e+00,4.282115428418052261e+00,8.446506938887665683e-01,4.480757572122088028e+00
6.179999999999999716e+00,1.251416476728163696e+00,4.230260448727957368e+00,8.657324407820419232e-01,4.462925055416093301e+00
6.200000000000000178e+00,1.303798570639070009e+00,4.172850025282487607e+00,8.884456558656896874e-01,4.443043453010883326e+00
6.219999999999999751e+00,1.361362465065683480e+00,4.109210159443092536e+00,9.129747454381392791e-01,4.420895703576916524e+00
6.240000000000000213e+00,1.424766089485757448e+00,4.038579285721705325e+00,9.395292918934885495e-01,4.396235854359072270e+00
6.259999999999999787e+00,1.494747762016637171e+00,3.960102291401110364e+00,9.683474905926110488e-01,4.368785111765312479e+00
6.280000000000000249e+00,1.572126765055922082e+00,3.872828333121492772e+00,9.996998033863939703e-01,4.338227604009178506e+00
6.299999999999999822e+00,1.657796923590455496e+00,3.775715639285841085e+00,1.033892652986575289e+00,4.304206026546296471e+00
6.320000000000000284e+00,1.752708448708116373e+00,3.667648175696371027e+00,1.071271838559367584e+00,4.266317488172439276e+00
6.339999999999999858e+00,1.857831116255224124e+00,3.547471339175101157e+00,1.112225133121294007e+00,4.224110101576119547e+00
6.360000000000000320e+00,1.974089160067695081e+00,3.414056673037525691e+00,1.157183200603650430e+00,4.177081195316285189e+00
6.379999999999999893e+00,2.102255517042886712e+00,3.266408532860980429e+00,1.206617520255869103e+00,4.124678491248057632e+00
6.400000000000000355e+00,2.242791505595180368e+00,3.103827433967828675e+00,1.261033422545645433e+00,4.066306200740729793e+00
6.419999999999999929e+00,2.395620285440523745e+00,2.926142824010581567e+00,1.320955670566406948e+00,4.001338700644731183e+00
6.440000000000000391e+00,2.559833134159234636e+00,2.734017569583060414e+00,1.386903421444159346e+00,3.929145100421224335e+00
6.459999999999999964e+00,2.733352919501439438e+00,2.529301121557670839e+00,1.459351219028940161e+00,3.849128258216155452e+00
6.480000000000000426e+00,2.912623896511690180e+00,2.315363086157391059e+00,1.538673493482988430e+00,3.760781046670622629e+00
6.500000000000000000e+00,3.092455988398059574e+00,2.097278516340787657e+00,1.625072637887318594e+00,3.663760126542524809e+00
6.520000000000000462e+00,3.266196912588858581e+00,1.881688472382027522e+00,1.718495645569189989e+00,3.557972574059782733e+00
6.540000000000000036e+00,3.426379802896542426e+00,1.676181643822566514e+00,1.818551060116765150e+00,3.443663844974011123e+00
6.560000000000000497e+00,3.565839502039668485e+00,1.488194348621509455e+00,1.924444269644477901e+00,3.321489051205645193e+00
6.580000000000000071e+00,3.679026455456634981e+00,1.323690605163749590e+00,2.034950915382706338e+00,3.192547436671238525e+00
6.600000000000000533e+00,3.763033624655162779e+00,1.186102906856089101e+00,2.148441977771702760e+00,3.058365760934184330e+00
6.620000000000000107e+00,3.817905290043021260e+00,1.075970568975127328e+00,2.262960860396362683e+00,2.920829279059091732e+00
6.640000000000000568e+00,3.846148432167739717e+00,9.913693210495485575e-01,2.376338908968059105e+00,2.782072884387993383e+00
6.660000000000000142e+00,3.851760264717531523e+00,9.288345198564019745e-01,2.486328962646940255e+00,2.644352083490493222e+00
6.679999999999999716e+00,3.839224283685620964e+00,8.843352955939619564e-01,2.590739324018792811e+00,2.509911071229533164e+00
6.700000000000000178e+00,3.812782073754337642e+00,8.539930198515327531e-01,2.687558534539649990e+00,2.380857495490163789e+00
6.719999999999999751e+00,3.776054684387124105e+00,8.344647677436596300e-01,2.775067411054374045e+00,2.259047589752631424e+00
6.740000000000000213e+00,3.731936112458468457e+00,8.230622459845730043e-01,2.851934746638187690e+00,2.145985443073673782e+00
6.759999999999999787e+00,3.682642695937887733e+00,8.177169402559844036e-01,2.917288194265294621e+00,2.042745113870267915e+00
6.780000000000000249e+00,3.629826488162616549e+00,8.168802941124978512e-01,2.970747615701305300e+00,1.949928700255129543e+00
6.799999999999999822e+00,3.574698788135503236e+00,8.194114643763590333e-01,3.012410354017228897e+00,1.867671583235413157e+00
6.820000000000000284e+00,3.518139404756384536e+00,8.244768719927676459e-01,3.042787904572813229e+00,1.795696298732738727e+00
6.839999999999999858e+00,3.460784284455672655e+00,8.314692041983517967e-01,3.062706542120402720e+00,1.733403473362323810e+00
6.860000000000000320e+00,3.403092138226323726e+00,8.399456647385874497e-01,3.073193091245806752e+00,1.679979417943185949e+00
6.879999999999999893e+00,3.345393588496869075e+00,8.495823717035154710e-01,3.075367008207238850e+00,1.634499585086815809e+00
6.900000000000000355e+00,3.287926812806875265e+00,8.601412756235718993e-01,3.070353023634509793e+00,1.596013587098828790e+00
6.919999999999999929e+00,3.230863171773219911e+00,8.714463804010897929e-01,3.059219726529812000e+00,1.563606035906251135e+00
6.940000000000000391e+00,3.174325575121718757e+00,8.833667136171267087e-01,3.042942631003007659e+00,1.536434176727628609e+00
6.959999999999999964e+00,3.118401646607066979e+00,8.958041306293442751e-01,3.022386753319692865e+00,1.513746812540114561e+00
6.980000000000000426e+00,3.063153185149150026e+00,9.086845591551199197e-01,2.998302909837114782e+00,1.494889920956318452e+00
7.000000000000000000e+00,3.008622992473072078e+00,9.219516881282148191e-01,2.971332630631284388e+00,1.479303789963965832e+00
7.020000000000000462e+00,2.954839825887156213e+00,9.355623948646690780e-01,2.942017804490883126e+00,1.466515377137332932e+00
7.040000000000000036e+00,2.901822012106582971e+00,9.494834121274992045e-01,2.910812383659270530e+00,1.456128461040673727e+00
7.060000000000000497e+00,2.849580100649977243e+00,9.636888833419733347e-01,2.878094460123036935e+00,1.447813223864439891e+00
7.080000000000000071e+00,2.798118824728873300e+00,9.781585572500777204e-01,2.844177738585981441e+00,1.441296225599056458e+00
7.100000000000000533e+00,2.747438559936741242e+00,9.928764455476324358e-01,2.809321910697234248e+00,1.436351271134638008e+00
7.120000000000000107e+00,2.697536416530031733e+00,1.007829817755606872e+00,2.773741737612342551e+00,1.432791380081837707e+00
7.140000000000000568e+00,2.648407062700695480e+00,1.023008443254342481e+00,2.737614826920335087e+00,1.430461894929731859e+00
7.160000000000000142e+00,2.600043349095835232e+00,1.038404015605188802e+00,2.701088187357577386e+00,1.429234666843029133e+00
7.179999999999999716e+00,2.552436785560035837e+00,1.054009712159071688e+00,2.664283690750744782e+00,1.429003211381174143e+00
7.200000000000000178e+00,2.505577907310074792e+00,1.069819854697831918e+00,2.627302585812413938e+00,1.429678709206963383e+00
7.219999999999999751e+00,2.459456557868467730e+00,1.085829645993237502e+00,2.590229206136980711e+00,1.431186726689712918e+00
7.240000000000000213e+00,2.414062108945584928e+00,1.102034963758750985e+00,2.553134003432993904e+00,1.433464540140965360e+00
7.259999999999999787e+00,2.369383632276248264e+00,1.118432198249176057e+00,2.516076021791145756e+00,1.436458960333458768e+00
7.280000000000000249e+00,2.325410034628939471e+00,1.135018123250959965e+00,2.479104912594578991e+00,1.440124568068299027e+00
7.299999999999999822e+00,2.282130164421524832e+00,1.151789792765795850e+00,2.442262574151574217e+00,1.444422285279174600e+00
7.320000000000000284e+00,2.239532896318666477e+00,1.168744457580223717e+00,2.405584486066812300e+00,1.449318218695056393e+00
7.339999999999999858e+00,2.197607198654788707e+00,1.185879497317728237e+00,2.369100796074489423e+00,1.454782724094216606e+00
7.360000000000000320e+00,2.156342187380815290e+00,1.203192364618605792e+00,2.332837206566303667e+00,1.460789648611654501e+00
7.379999999999999893e+00,2.115727169370785976e+00,1.220680538881018906e+00,2.296815699245644993e+00,1.467315716492187949e+00
7.400000000000000355e+00,2.075751677272006379e+00,1.238341487592382606e+00,2.261055129044915901e+00,1.474340030264213564e+00
7.419999999999999929e+00,2.036405497585817681e+00,1.256172633733131372e+00,2.225571712452881101e+00,1.481843664720509768e+00
7.440000000000000391e+00,1.997678693286012219e+00,1.274171328081220578e+00,2.190379430513967218e+00,1.489809335508354149e+00
7.459999999999999964e+00,1.959561621989485802e+00,1.292334825512026830e+00,2.155490362798514692e+00,1.498221127714690626e+00
7.480000000000000426e+00,1.922044950467456603e+00,1.310660264594266433e+00,2.120914965440890754e+00,1.507064272727627996e+00
7.500000000000000000e+00,1.885119666109669856e+00,1.329144649942703982e+00,2.086662303762777615e+00,1.516324963987628616e+00
7.520000000000000462e+00,1.848777085816552201e+00,1.347784836913628048e+00,2.052740247925441075e+00,1.525990204115425408e+00
7.540000000000000036e+00,1.813008862686421141e+00,1.366577518327428020e+00,2.019155638390731866e+00,1.536047677406381817e+00
7.560000000000000497e+00,1.777806990779900120e+00,1.385519212980220738e+00,1.985914426636488539e+00,1.546485642884604772e+00
7.580000000000000071e+00,1.743163808176598328e+00,1.404606255767924639e+00,1.953021795503159908e+00,1.557292844073392857e+00
7.600000000000000533e+00,1.709071998486054289e+00,1.423834789294936787e+00,1.920482262692283726e+00,1.568458432409165715e+00
7.620000000000000107e+00,1.675524590933010094e+00,1.443200756878259883e+00,1.888299770251601117e+00,1.579971901842355253e+00
7.640000000000000568e+00,1.642514959104067307e+00,1.462699896888542517e+00,1.856477762331949499e+00,1.591823032661788595e+00
7.660000000000000142e+00,1.610036818416967996e+00,1.482327738393560468e+00,1.825019253060353730e+00,1.604001842973618919e+00
7.679999999999999716e+00,1.578084222353870913e+00,1.502079598088318146e+00,1.793926886020082323e+00,1.616498546581757623e+00
7.700000000000000178e+00,1.546651557485028583e+00,1.521950578510083085e+00,1.763202986544373907e+00,1.629303516269793528e+00
7.719999999999999751e+00,1.515733537298469713e+00,1.541935567546941499e+00,1.732849607802179781e+00,1.642407251687243885e+00
7.740000000000000213e+00,1.485325194844039354e+00,1.562029239255402491e+00,1.702868571470525172e+00,1.655800351205643395e+00
7.759999999999999787e+00,1.455421874195978349e+00,1.582226056006582615e+00,1.673261503640112391e+00,1.669473487240479281e+00
7.780000000000000249e+00,1.426019220736762794e+00,1.602520271981878519e+00,1.644029866481596658e+00,1.683417384639637637e+00
7.799999999999999822e+00,1.397113170265857018e+00,1.622905938038049056e+00,1.615174986103947719e+00,1.697622801822888494e+00
7.820000000000000284e+00,1.368699936940104722e+00,1.643376907958484123e+00,1.586698076959029535e+00,1.712080514423993449e+00
7.839999999999999858e+00,1.340776000057458894e+00,1.663926846102327772e+00,1.558600263084485960e+00,1.726781301240450928e+00
7.860000000000000320e+00,1.313338089702418721e+00,1.684549236456218679e+00,1.530882596427350917e+00,1.741715932338209427e+00
7.879999999999999893e+00,1.286383171279698479e+00,1.705237393084890529e+00,1.503546072451314108e+00,1.756875159191876090e+00
7.900000000000000355e+00,1.259908428972090322e+00,1.725984471966904632e+00,1.476591643199448800e+00,1.772249706766634514e+00
7.919999999999999929e+00,1.233911248168990893e+00,1.746783484190562286e+00,1.450020227960020058e+00,1.787830267467492185e+00
7.940000000000000391e+00,1.208389196923416620e+00,1.767627310472756674e+00,1.423832721664582968e+00,1.803607496895678786e+00
7.959999999999999964e+00,1.183340006507300535e+00,1.788508716950404365e+00,1.398030001134012767e+00,1.819572011361764385e+00
7.980000000000000426e+00,1.158761551147203583e+00,1.809420372180355230e+00,1.372612929278609561e+00,1.835714387111103907e+00
8.000000000000000000e+00,1.134651827035011440e+00,1.830354865269603337e+00,1.347582357352353100e+00,1.852025161220026472e+00
8.019999999999999574e+00,1.111008930720472021e+00,1.851304725043442678e+00,1.322939125358205459e+00,1.868494834121301018e+00
8.040000000000000924e+00,1.087831037004268087e+00,1.872262440145237239e+00,1.298684060700603604e+00,1.885113873715190902e+00
8.060000000000000497e+00,1.065116376461441527e+00,1.893220479947978374e+00,1.274817975182551466e+00,1.901872721018226242e+00
8.080000000000000071e+00,1.042863212735109846e+00,1.914171316145081070e+00,1.251341660447634174e+00,1.918761797296001603e+00
8.099999999999999645e+00,1.021069819749275132e+00,1.935107444876213556e+00,1.228255881971490604e+00,1.935771512619151036e+00
8.120000000000000995e+00,9.997344589968691908e-01,1.956021409233634101e+00,1.205561371712505991e+00,1.952892275773438158e+00
8.140000000000000568e+00,9.788553570647667845e-01,1.976905821985799117e+00,1.183258819537390094e+00,1.970114505445911268e+00
8.160000000000000142e+00,9.584306835611392517e-01,1.997753388348131320e+00,1.161348863543622434e+00,1.987428642599599726e+00
8.179999999999999716e+00,9.384585296120352416e-01,2.018556928626012326e+00,1.139832079407188559e+00,2.004825163939491173e+00
8.199999999999999289e+00,9.189368870933440903e-01,2.039309400552462570e+00,1.118708968890340660e+00,2.022294596362852470e+00
8.220000000000000639e+00,8.998636287612339357e-01,2.060003921142705696e+00,1.097979947650021826e+00,2.039827532277544098e+00
8.240000000000000213e+00,8.812364894387324510e-01,2.080633787889982322e+00,1.077645332492876307e+00,2.057414645663110164e+00
8.259999999999999787e+00,8.630530484083508425e-01,2.101192499131589120e+00,1.057705328227180663e+00,2.075046708741332679e+00
8.279999999999999361e+00,8.453107131506177874e-01,2.121673773421155040e+00,1.038160014265384179e+00,2.092714609115840396e+00
8.300000000000000711e+00,8.280067045562138350e-01,2.142071567752546812e+00,1.019009331133045704e+00,2.110409367234472811e+00
8.320000000000000284e+00,8.111380437252553310e-01,2.162380094492381222e+00,1.000253067040651755e+00,2.128122154023594170e+00
8.339999999999999858e+00,7.947015404513955161e-01,2.182593836891736139e+00,9.818908446739618157e-01,2.145844308540586720e+00
8.359999999999999432e+00,7.786937834710514483e-01,2.202707563063052376e+00,9.639221083560702841e-01,2.163567355489472543e+00
8.380000000000000782e+00,7.631111325395306677e-01,2.222716338325152030e+00,9.463461117302245373e-01,2.181283022445076103e+00
8.400000000000000355e+00,7.479497123764450306e-01,2.242615535837447105e+00,9.291619061065954366e-01,2.198983256633436856e+00
8.419999999999999929e+00,7.332054085029070523e-01,2.262400845463456101e+00,9.123683296086676497e-01,2.216660241120308239e+00
8.439999999999999503e+00,7.188738649729599084e-01,2.282068280823345230e+00,8.959639972457519308e-01,2.234306410265534115e+00
8.460000000000000853e+00,7.049504839818473423e-01,2.301614184514998662e+00,8.799472920274337140e-01,2.251914464308791608e+00
8.480000000000000426e+00,6.914304273144278312e-01,2.321035231502781127e+00,8.643163572236713943e-01,2.269477382961572420e+00
8.500000000000000000e+00,6.783086195786058870e-01,2.340328430692314665e+00,8.490690898609174475e-01,2.286988437891165571e+00
8.519999999999999574e+00,6.655797531513862886e-01,2.359491124727961964e+00,8.342031355302415019e-01,2.304441203994681775e+00
8.540000000000000924e+00,6.532382947493236003e-01,2.378520988066997077e+00,8.197158845682017692e-01,2.321829569374607161e+00
8.560000000000000497e+00,6.412784935209634440e-01,2.397416023400370744e+00,8.056044696553739115e-01,2.339147743941765167e+00
8.580000000000000071e+00,6.296943905465385294e-01,2.416174556504376625e+00,7.918657648612486000e-01,2.356390266586720017e+00
8.599999999999999645e+00,6.184798296198238399e-01,2.434795229620160484e+00,7.784963861479017311e-01,2.373552010876248008e+00
8.620000000000000995e+00,6.076284691787707803e-01,2.453276993468817224e+00,7.654926933286840818e-01,2.390628189247356872e+00
8.640000000000000568e+00,5.971337952453602549e-01,2.471619098018652316e+00,7.528507934624062425e-01,2.407614355687150542e+00
8.660000000000000142e+00,5.869891352310451227e-01,2.489821082128060414e+00,7.405665456483566667e-01,2.424506406902385169e+00
8.679999999999999716e+00,5.771876724621481936e-01,2.507882762192336301e+00,7.286355671731976624e-01,2.441300581997620345e+00
8.700000000000001066e+00,5.677224612795515046e-01,2.525804219925690042e+00,7.170532409475370850e-01,2.457993460695186094e+00
8.720000000000000639e+00,5.585864425688453760e-01,2.543585789410804932e+00,7.058147241579414422e-01,2.474581960143608317e+00
8.740000000000000213e+00,5.497724595806524617e-01,2.561228043547620903e+00,6.949149580494851097e-01,2.491063330373458840e+00
8.759999999999999787e+00,5.412732739059290532e-01,2.578731780030731446e+00,6.843486787447333741e-01,2.507435148470682496e+00
8.779999999999999361e+00,5.330815814774922945e-01,2.596098006981049533e+00,6.741104289974102493e-01,2.523695311547204057e+00
8.800000000000000711e+00,5.251900284766234384e-01,2.613327928352368712e+00,6.641945707729597359e-01,2.539842028596934753e+00
8.820000000000000284e+00,5.175912270321523234e-01,2.630422929227307360e+00,6.545952985437828442e-01,2.555873811332125545e+00
8.839999999999999858e+00,5.102777706087316956e-01,2.647384561110084800e+00,6.453066531841080700e-01,2.571789464100342482e+00
8.859999999999999432e+00,5.032422489908571217e-01,2.664214527315784675e+00,6.363225363481934682e-01,2.587588072986175103e+00
8.880000000000000782e+00,4.964772627793942461e-01,2.680914668547430324e+00,6.276367252157855070e-01,2.603268994204134934e+00
8.900000000000000355e+00,4.899754373277468433e-01,2.697486948743490043e+00,6.192428874903914693e-01,2.618831841890174150e+00
8.919999999999999929e+00,4.837294360551810946e-01,2.713933441269500868e+00,6.111345965388403911e-01,2.634276475398866779e+00
8.939999999999999503e+00,4.777319730850562163e-01,2.730256315518522214e+00,6.033053465646974756e-01,2.649602986211683664e+00
8.960000000000000853e+00,4.719758251656676618e-01,2.746457823976209411e+00,5.957485677132029478e-01,2.664811684559077687e+00
8.980000000000000426e+00,4.664538428409749637e-01,2.762540289797588589e+00,5.884576410114057410e-01,2.679903085855345868e+00
9.000000000000000000e+00,4.611589608475619162e-01,2.778506094934181991e+00,5.814259130538893539e-01,2.694877897040651060e+00
9.019999999999999574e+00,4.560842077226929803e-01,2.794357668842099685e+00,5.746467103517963748e-01,2.709737002919240467e+00
9.040000000000000924e+00,4.512227146162183233e-01,2.810097477794120557e+00,5.681133532706066358e-01,2.724481452576961615e+00
9.060000000000000497e+00,4.465677233063095053e-01,2.825728014811704991e+00,5.618191694901629729e-01,2.739112445954772213e+00
9.080000000000000071e+00,4.421125934255435985e-01,2.841251790226344554e+00,5.557575069286367908e-01,2.753631320648188385e+00
9.099999999999999645e+00,4.378508089096896372e-01,2.856671322873687746e+00,5.499217460803565993e-01,2.768039538995648030e+00
9.120000000000000995e+00,4.337759836866855734e-01,2.871989131918498028e+00,5.443053117255752804e-01,2.782338675511701442e+00
9.140000000000000568e+00,4.298818666277390843e-01,2.887207729303710835e+00,5.389016839782155843e-01,2.796530404713863938e+00
9.160000000000000142e+00,4.261623457862629971e-01,2.902329612812632131e+00,5.337044086453308633e-01,2.810616489384985428e+00
9.179999999999999716e+00,4.226114519534927005e-01,2.917357259729677299e+00,5.287071068793627315e-01,2.824598769306196910e+00
9.200000000000001066e+00,4.192233615621661635e-01,2.932293121081933851e+00,5.239034841112111263e-01,2.838479150488928404e+00
9.220000000000000639e+00,4.159923989716139414e-01,2.947139616441242893e+00,5.192873382586064013e-01,2.852259594928254316e+00
9.240000000000000213e+00,4.129130381690504503e-01,2.961899129264374153e+00,5.148525672102445272e-01,2.865942110893914041e+00
9.259999999999999787e+00,4.099799039228242403e-01,2.976574002747219172e+00,5.105931755915956716e-01,2.879528743769874666e+00
9.279999999999999361e+00,4.071877724239179597e-01,2.991166536167669143e+00,5.065032808232029504e-01,2.893021567448190279e+00
9.300000000000000711e+00,4.045315714521360295e-01,3.005678981690972584e+00,5.025771184866486552e-01,2.906422676278299200e+00
9.320000000000000284e+00,4.020063801032229267e-01,3.020113541610843111e+00,4.988090470171835378e-01,2.919734177568679812e+00
9.339999999999999858e+00,3.996074281126625327e-01,3.034472365999338894e+00,4.951935517453004421e-01,2.932958184634045118e+00
9.359999999999999432e+00,3.973300948111604947e-01,3.048757550738587785e+00,4.917252483123008000e-01,2.946096810377946795e+00
9.380000000000000782e+00,3.951699077458468712e-01,3.062971135907678111e+00,4.883988854871831320e-01,2.959152161397792913e+00
9.400000000000000355e+00,3.931225410000918630e-01,3.077115104498516107e+00,4.852093474139901330e-01,2.972126332596811249e+00
9.419999999999999929e+00,3.911838132435392357e-01,3.091191381435066887e+00,4.821516553201270483e-01,2.985021402285454872e+00
9.439999999999999503e+00,3.893496855425587766e-01,3.105201832871176570e+00,4.792209687171347099e-01,2.997839427753033359e+00
9.460000000000000853e+00,3.876162589598326491e-01,3.119148265743051596e+00,4.764125861260001815e-01,3.010582441289048727e+00
9.480000000000000426e+00,3.859797719702434682e-01,3.133032427553444244e+00,4.737219453593555230e-01,3.023252446632680002e+00
9.500000000000000000e+00,3.844365977186482985e-01,3.146856006365634340e+00,4.711446233928780480e-01,3.035851415828164868e+00
9.519999999999999574e+00,3.829832411435248329e-01,3.160620630986384683e+00,4.686763358579076888e-01,3.048381286463366813e+00
9.540000000000000924e+00,3.816163359888749551e-01,3.174327871318164185e+00,4.663129361867610623e-01,3.060843959268626957e+00
9.560000000000000497e+00,3.803326417251906566e-01,3.187979238862070908e+00,4.640504144414913656e-01,3.073241296052990901e+00
9.580000000000000071e+00,3.791290403987311874e-01,3.201576187354026715e+00,4.618848958559388374e-01,3.085575117955119850e+00
9.599999999999999645e+00,3.780025334268468096e-01,3.215120113517936584e+00,4.598126391198735785e-01,3.097847203986534570e+00
9.620000000000000995e+00,3.769502383556164737e-01,3.228612357920630060e+00,4.578300344328757321e-01,3.110059289845355401e+00
9.640000000000000568e+00,3.759693855946554253e-01,3.242054205914478793e+00,4.559336013543511812e-01,3.122213066979307783e+00
9.660000000000000142e+00,3.750573151425954932e-01,3.255446888654645488e+00,4.541199864747669235e-01,3.134310181877476786e+00
9.679999999999999716e+00,3.742114733154531248e-01,3.268791584178936116e+00,4.523859609318338082e-01,3.146352235571086897e+00
9.700000000000001066e+00,3.734294094888790383e-01,3.282089418539201109e+00,4.507284177939730463e-01,3.158340783324421253e+00
9.720000000000000639e+00,3.727087728641294562e-01,3.295341466974173184e+00,4.491443693320077424e-01,3.170277334497898281e+00
9.740000000000000213e+00,3.720473092665155801e-01,3.308548755114504303e+00,4.476309441986206505e-01,3.182163352566242942e+00
9.759999999999999787e+00,3.714428579840720612e-01,3.321712260211617362e+00,4.461853845337405700e-01,3.194000255275621925e+00
9.779999999999999361e+00,3.708933486532395296e-01,3.334832912382768466e+00,4.448050430126586630e-01,3.205789414924565150e+00
9.800000000000000711e+00,3.703967981974751744e-01,3.347911595865467937e+00,4.434873798523565336e-01,3.217532158754450311e+00
9.820000000000000284e+00,3.699513078238915731e-01,3.360949150275101882e+00,4.422299597902438761e-01,3.229229769436236186e+00
9.839999999999999858e+00,3.695550600822716802e-01,3.373946371860244042e+00,4.410304490482681583e-01,3.240883485641072426e+00
9.859999999999999432e+00,3.692063159901173286e-01,3.386904014750752978e+00,4.398866122941754719e-01,3.252494502683290989e+00
9.880000000000000782e+00,3.689034122267553784e-01,3.399822792194312715e+00,4.387963096105740868e-01,3.264063973225146853e+00
9.900000000000000355e+00,3.686447583989480026e-01,3.412703377777584812e+00,4.377574934813788787e-01,3.275593008033527376e+00
9.919999999999999929e+00,3.684288343799278498e-01,3.425546406628626084e+00,4.367682058042043902e-01,3.287082676779626844e+00
9.939999999999999503e+00,3.682541877233038163e-01,3.438352476597651641e+00,4.358265749363200992e-01,3.298534008873354573e+00
9.960000000000000853e+00,3.681194311528525054e-01,3.451122149413636819e+00,4.349308127808897417e-01,3.309947994324973219e+00
9.980000000000000426e+00,3.680232401288254240e-01,3.463855951814606815e+00,4.340792119193820353e-01,3.321325584627138561e+00
1.000000000000000000e+01,3.679643504910569130e-01,3.476554376649798606e+00,4.332701427952648787e-01,3.332667693651168328e+00
1.001999999999999957e+01,3.679415561788496603e-01,3.489217883952184796e+00,4.325020509533762381e-01,3.343975198551964123e+00
1.004000000000000092e+01,3.679537070273433685e-01,3.501846901980114168e+00,4.317734543387017343e-01,3.355248940676585079e+00
1.006000000000000050e+01,3.679997066398325023e-01,3.514441828227078179e+00,4.310829406576787703e-01,3.366489726471999067e+00
1.008000000000000007e+01,3.680785103352889887e-01,3.527003030398824901e+00,4.304291648045863172e-01,3.377698328388029303e+00
1.009999999999999964e+01,3.681891231701643341e-01,3.539530847357243992e+00,4.298108463550699421e-01,3.388875485771969398e+00
1.012000000000000099e+01,3.683305980333885787e-01,3.552025590030616353e+00,4.292267671283865882e-01,3.400021905751761331e+00
1.014000000000000057e+01,3.685020338133508377e-01,3.564487542289986433e+00,4.286757688195321769e-01,3.411138264105022078e+00
1.016000000000000014e+01,3.687025736355328820e-01,3.576916961791537286e+00,4.281567507020354602e-01,3.422225206111559004e+00
1.017999999999999972e+01,3.689314031693751161e-01,3.589314080784984373e+00,4.276686674018610468e-01,3.433283347387336093e+00
1.020000000000000107e+01,3.691877490028784847e-01,3.601679106888093340e+00,4.272105267425577724e-01,3.444313274698158178e+00
1.022000000000000064e+01,3.694708770833857736e-01,3.614012223827528292e+00,4.267813876615188518e-01,3.455315546751611677e+00
1.024000000000000021e+01,3.697800912229408654e-01,3.626313592146305442e+00,4.263803581969797252e-01,3.466290694966030372e+00
1.025999999999999979e+01,3.701147316665914788e-01,3.638583349878195872e+00,4.260065935451676777e-01,3.477239224215501245e+00
1.027999999999999936e+01,3.704741737219800490e-01,3.650821613189475290e+00,4.256592941868339586e-01,3.488161613550105677e+00
1.030000000000000071e+01,3.708578264485561937e-01,3.663028476988459570e+00,4.253377040822395871e-01,3.499058316890771181e+00
1.032000000000000028e+01,3.712651314047429318e-01,3.675204015503301669e+00,4.250411089335279224e-01,3.509929763698289129e+00
1.033999999999999986e+01,3.716955614513954287e-01,3.687348282828554424e+00,4.247688345133023291e-01,3.520776359616164086e+00
1.035999999999999943e+01,3.721486196099039745e-01,3.699461313441017918e+00,4.245202450581297415e-01,3.531598487087116212e+00
1.038000000000000078e+01,3.726238379733136652e-01,3.711543122685410090e+00,4.242947417256097697e-01,3.542396505943146146e+00
1.040000000000000036e+01,3.731207766688586780e-01,3.723593707230398842e+00,4.240917611135863741e-01,3.553170753969180140e+00
1.041999999999999993e+01,3.736390228703392324e-01,3.735613045495540963e+00,4.239107738400278436e-01,3.563921547440398019e+00
1.043999999999999950e+01,3.741781898588044109e-01,3.747601098049669233e+00,4.237512831820636761e-01,3.574649181633411388e+00
1.046000000000000085e+01,3.747379161300418704e-01,3.759557807981255717e+00,4.236128237726413115e-01,3.585353931311519027e+00
1.048000000000000043e+01,3.753178645474178343e-01,3.771483101241278835e+00,4.234949603532494056e-01,3.596036051184333004e+00
1.050000000000000000e+01,3.759177215386539928e-01,3.783376886959094243e+00,4.233972865811488351e-01,3.606695776342094373e+00
1.051999999999999957e+01,3.765371963351747953e-01,3.795239057731800258e+00,4.233194238895535699e-01,3.617333322665038153e+00
1.054000000000000092e+01,3.771760202527073558e-01,3.807069489887564107e+00,4.232610203992134834e-01,3.627948887208196194e+00
1.056000000000000050e+01,3.778339460118658732e-01,3.818868043723351313e+00,4.232217498798650501e-01,3.638542648562047344e+00
1.058000000000000007e+01,3.785107470975032085e-01,3.830634563717476571e+00,4.232013107600391399e-01,3.649114767189428843e+00
1.059999999999999964e+01,3.792062171556661587e-01,3.842368878717363323e+00,4.231994251837394305e-01,3.659665385739148569e+00
1.062000000000000099e+01,3.799201694270428198e-01,3.854070802102873117e+00,4.232158381125356028e-01,3.670194629336723580e+00
1.064000000000000057e+01,3.806524362158449359e-01,3.865740131925530232e+00,4.232503164716506783e-01,3.680702605852679721e+00
1.066000000000000014e+01,3.814028683931228181e-01,3.877376651023935583e+00,4.233026483386567174e-01,3.691189406148844832e+00
1.067999999999999972e+01,3.821713349335656429e-01,3.888980127115630125e+00,4.233726421734366752e-01,3.701655104303047672e+00
1.070000000000000107e+01,3.829577224848945693e-01,3.900550312865629810e+00,4.234601260881082352e-01,3.712099757812638678e+00
1.072000000000000064e+01,3.837619349690123971e-01,3.912086945931814164e+00,4.235649471556533485e-01,3.722523407777216686e+00
1.074000000000000021e+01,3.845838932141290578e-01,3.923589748987317272e+00,4.236869707560408371e-01,3.732926079060944868e+00
1.075999999999999979e+01,3.854235346171386301e-01,3.935058429720025064e+00,4.238260799586784922e-01,3.743307780434808496e+00
1.077999999999999936e+01,3.862808128355798010e-01,3.946492680809241094e+00,4.239821749400771722e-01,3.753668504699149810e+00
1.080000000000000071e+01,3.871556975085675978e-01,3.957892179879541672e+00,4.241551724356609210e-01,3.764008228786789090e+00
1.082000000000000028e+01,3.880481740061421658e-01,3.969256589431795934e+00,4.243450052247052517e-01,3.774326913847015685e+00
1.083999999999999986e+01,3.889582432065363249e-01,3.980585556751278897e+00,4.245516216474378712e-01,3.784624505310709708e+00
1.085999999999999943e+01,3.898859213009218116e-01,3.991878713792762490e+00,4.247749851533851317e-01,3.794900932936816407e+00
1.088000000000000078e+01,3.908312396252512921e-01,4.003135677042414464e+00,4.250150738801005135e-01,3.805156110840376193e+00
1.090000000000000036e+01,3.917942445188721257e-01,4.014356047356288926e+00,4.252718802614617877e-01,3.815389937502269291e+00
1.091999999999999993e+01,3.927749972096463704e-01,4.025539409775137578e+00,4.255454106647754142e-01,3.825602295760814009e+00
1.093999999999999950e+01,3.937735737253715285e-01,4.036685333315219282e+00,4.258356850559784634e-01,3.835793052785308799e+00
1.096000000000000085e+01,3.947900648313564798e-01,4.047793370734726892e+00,4.261427366922806437e-01,3.845962060031586915e+00
1.098000000000000043e+01,3.958245759940695052e-01,4.058863058275386848e+00,4.264666118416402529e-01,3.856109153179600568e+00
1.100000000000000000e+01,3.968772273708367493e-01,4.069893915378738569e+00,4.268073695285209412e-01,3.866234152053023898e+00
1.101999999999999957e+01,3.979481538256348649e-01,4.080885444376523452e+00,4.271650813054276852e-01,3.876336860520825489e+00
1.104000000000000092e+01,3.990375049710858102e-01,4.091837130154559965e+00,4.275398310497735554e-01,3.886417066380706054e+00
1.106000000000000050e+01,4.001454452368298220e-01,4.102748439789394297e+00,4.279317147856810388e-01,3.896474541224267618e+00
1.108000000000000007e+01,4.012721539645219826e-01,4.113618822156965393e+00,4.283408405303757438e-01,3.906509040283733913e+00
1.109999999999999964e+01,4.024178255297683471e-01,4.124447707512428174e+00,4.287673281648827772e-01,3.916520302259995034e+00
1.112000000000000099e+01,4.035826694913927648e-01,4.135234507040208563e+00,4.292113093287913128e-01,3.926508049131697042e+00
1.114000000000000057e+01,4.047669107685010759e-01,4.145978612373272476e+00,4.296729273389068293e-01,3.936471985945051433e+00
1.116000000000000014e+01,4.059707898458899678e-01,4.156679395080513650e+00,4.301523371316666178e-01,3.946411800584001206e+00
1.117999999999999972e+01,4.071945630084304879e-01,4.167336206121055042e+00,4.306497052292502792e-01,3.956327163520298562e+00
1.120000000000000107e+01,4.084385026051434719e-01,4.177948375264173286e+00,4.311652097293746655e-01,3.966217727543019489e+00
1.122000000000000064e+01,4.097028973437749633e-01,4.188515210473439332e+00,4.316990403188218361e-01,3.976083127466969458e+00
1.124000000000000021e+01,4.109880526167758452e-01,4.199035997253562691e+00,4.322513983108081659e-01,3.985922979819382483e+00
1.125999999999999979e+01,4.122942908596902711e-01,4.209509997958313043e+00,4.328224967063650230e-01,3.995736882504239418e+00
1.127999999999999936e+01,4.136219519430642255e-01,4.219936451057745508e+00,4.334125602799657750e-01,4.005524414443478953e+00
1.130000000000000071e+01,4.149713935990976266e-01,4.230314570362851079e+00,4.340218256896982707e-01,4.015285135194288202e+00
1.132000000000000028e+01,4.163429918843827848e-01,4.240643544205584092e+00,4.346505416123520038e-01,4.025018584541611766e+00
1.133999999999999986e+01,4.177371416801987647e-01,4.250922534572080025e+00,4.352989689038579968e-01,4.034724282064904521e+00
1.135999999999999943e+01,4.191542572319650328e-01,4.261150676186709951e+00,4.359673807855953820e-01,4.044401726678104936e+00
1.138000000000000078e+01,4.205947727296017735e-01,4.271327075544434138e+00,4.366560630571537649e-01,4.054050396141695600e+00
1.140000000000000036e+01,4.220591429306972953e-01,4.281450809888746711e+00,4.373653143362222218e-01,4.063669746545642170e+00
1.141999999999999993e+01,4.235478438285458780e-01,4.291520926132283975e+00,4.380954463263608822e-01,4.073259211761881105e+00
1.143999999999999950e+01,4.250613733672951033e-01,4.301536439716963756e+00,4.388467841134982006e-01,4.082818202864955559e+00
1.146000000000000085e+01,4.266002522066295599e-01,4.311496333410283377e+00,4.396196664920934416e-01,4.092346107519251319e+00
1.148000000000000043e+01,4.281650245386184883e-01,4.321399556034162259e+00,4.404144463220021621e-01,4.101842289331201208e+00
1.150000000000000000e+01,4.297562589595730342e-01,4.331245021122435368e+00,4.412314909171864974e-01,4.111306087164664724e+00
1.151999999999999957e+01,4.313745493999908143e-01,4.341031605502825741e+00,4.420711824675273016e-01,4.120736814417595539e+00
1.154000000000000092e+01,4.330205161159177973e-01,4.350758147798899245e+00,4.429339184951094355e-01,4.130133758257926502e+00
1.156000000000000050e+01,4.346948067453283993e-01,4.360423446847169870e+00,4.438201123464827758e-01,4.139496178816471250e+00
1.158000000000000007e+01,4.363980974334181751e-01,4.370026260024173936e+00,4.447301937225339730e-01,4.148823308334476323e+00
1.159999999999999964e+01,4.381310940310201851e-01,4.379565301477903461e+00,4.456646092477492549e-01,4.158114350263259595e+00
1.162000000000000099e+01,4.398945333706996141e-01,4.389039240257603502e+00,4.466238230808051157e-01,4.167368478313212776e+00
1.164000000000000057e+01,4.416891846254533127e-01,4.398446698335435556e+00,4.476083175685878213e-01,4.176584835449204114e+00
1.166000000000000014e+01,4.435158507553444429e-01,4.407786248513035687e+00,4.486185939459241268e-01,4.185762532829227389e+00
1.167999999999999972e+01,4.453753700478405575e-01,4.417056412205432991e+00,4.496551730834956739e-01,4.194900648682889255e+00
1.170000000000000107e+01,4.472686177581003952e-01,4.426255657094216645e+00,4.507185962866187556e-01,4.203998227126072074e+00
1.172000000000000064e+01,4.491965078559733149e-01,4.435382394641181669e+00,4.518094261477939577e-01,4.213054276907832296e+00
1.174000000000000021e+01,4.511599948870392285e-01,4.444434977452996094e+00,4.529282474561731053e-01,4.222067770085301319e+00
1.175999999999999979e+01,4.531600759556336788e-01,4.453411696486661242e+00,4.540756681673507877e-01,4.231037640622020923e+00
1.177999999999999936e+01,4.551977928384743910e-01,4.462310778084708218e+00,4.552523204371734522e-01,4.239962782904801664e+00
1.180000000000000071e+01,4.572742342382393743e-01,4.471130380828173934e+00,4.564588617235639800e-01,4.248842050173808005e+00
1.182000000000000028e+01,4.593905381872495086e-01,4.479868592194399035e+00,4.576959759606956113e-01,4.257674252860157438e+00
1.183999999999999986e+01,4.615478946122869575e-01,4.488523425005616296e+00,4.589643748102086862e-01,4.266458156824890047e+00
1.185999999999999943e+01,4.637475480725422594e-01,4.497092813653114973e+00,4.602647989945605200e-01,4.275192481492648078e+00
1.188000000000000078e+01,4.659908006837392702e-01,4.505574610080467224e+00,4.615980197180265532e-01,4.283875897872898797e+00
1.190000000000000036e+01,4.682790152426430930e-01,4.513966579507888710e+00,4.629648401813394321e-01,4.292507026460942399e+00
1.191999999999999993e+01,4.706136185674300032e-01,4.522266395878248524e+00,4.643660971964635453e-01,4.301084435010327667e+00
1.193999999999999950e+01,4.729961050707958692e-01,4.530471637003533836e+00,4.658026629085593728e-01,4.309606636167599092e+00
1.196000000000000085e+01,4.754280405842198909e-01,4.538579779388693503e+00,4.672754466328035705e-01,4.318072084959557522e+00
1.198000000000000043e+01,4.779110664534969577e-01,4.546588192707732290e+00,4.687853968143976258e-01,4.326479176122387749e+00
1.200000000000000000e+01,4.804469039275228170e-01,4.554494133904636755e+00,4.703335031208279449e-01,4.334826241261122703e+00
1.201999999999999957e+01,4.830373588643825378e-01,4.562294740889226929e+00,4.719207986762458673e-01,4.343111545826916498e+00
1.204000000000000092e+01,4.856843267810762033e-01,4.569987025795245295e+00,4.735483624487131227e-01,4.351333285898530967e+00
1.206000000000000050e+01,4.883897982757415268e-01,4.577567867764958720e+00,4.752173218020286916e-01,4.359489584753248437e+00
1.208000000000000007e+01,4.911558648540317873e-01,4.585034005221153564e+00,4.769288552249163482e-01,4.367578489211144444e+00
1.209999999999999964e+01,4.939847251944094464e-01,4.592382027583695070e+00,4.786841952515262788e-01,4.375597965735200212e+00
1.212000000000000099e+01,4.968786918905597205e-01,4.599608366383656666e+00,4.804846315884946373e-01,4.383545896268191022e+00
1.214000000000000057e+01,4.998401987129549306e-01,4.606709285723450620e+00,4.823315144652339792e-01,4.391420073785537781e+00
1.216000000000000014e+01,5.028718084358578810e-01,4.613680872026288959e+00,4.842262582257004788e-01,4.399218197541404862e+00
1.217999999999999972e+01,5.059762212807938919e-01,4.620519023012636062e+00,4.861703451816294930e-01,4.406937867983227619e+00
1.220000000000000107e+01,5.091562840328084372e-01,4.627219435835005612e+00,4.881653297491587162e-01,4.414576581307525949e+00
1.222000000000000064e+01,5.124149998917314486e-01,4.633777594295426461e+00,4.902128428928966275e-01,4.422131723627262367e+00
1.224000000000000021e+01,5.157555391272659051e-01,4.640188755062057524e+00,4.923145969038691949e-01,4.429600564718188416e+00
1.225999999999999979e+01,5.191812506141044725e-01,4.646447932792673541e+00,4.944723905404113107e-01,4.436980251308419554e+00
1.228000000000000114e+01,5.226956743315533949e-01,4.652549884062942454e+00,4.966881145640035800e-01,4.444267799872003266e+00
1.230000000000000071e+01,5.263025549214276344e-01,4.658489089986437293e+00,4.989637577053190887e-01,4.451460088883310462e+00
1.232000000000000028e+01,5.300058564084130230e-01,4.664259737401023287e+00,5.013014130993851403e-01,4.458553850484757497e+00
1.233999999999999986e+01,5.338097781988296875e-01,4.669855698482438200e+00,5.037032852328287014e-01,4.465545661515515796e+00
1.235999999999999943e+01,5.377187724869488816e-01,4.675270508630342547e+00,5.061716974507144418e-01,4.472431933843473928e+00
1.238000000000000078e+01,5.417375632129337593e-01,4.680497342454618348e+00,5.087091000755679104e-01,4.479208903936675590e+00
1.240000000000000036e+01,5.458711667333215889e-01,4.685528987669972167e+00,5.113180791968686689e-01,4.485872621603726351e+00
1.241999999999999993e+01,5.501249143840272193e-01,4.690357816684600500e+00,5.140013661956917002e-01,4.492418937825088499e+00
1.243999999999999950e+01,5.545044771374423309e-01,4.694975755643504556e+00,5.167618480763495059e-01,4.498843491588731425e+00
1.246000000000000085e+01,5.590158925797098499e-01,4.699374250658488350e+00,5.196025786849676198e-01,4.505141695634076626e+00
1.248000000000000043e+01,5.636655944620939662e-01,4.703544230924509684e+00,5.225267909040239855e-01,4.511308720997482702e+00
1.250000000000000000e+01,5.684604451120575108e-01,4.707476068385304302e+00,5.255379099221508810e-01,4.517339480240474714e+00
1.251999999999999957e+01,5.734077710257765581e-01,4.711159533569343694e+00,5.286395676900971230e-01,4.523228609228311825e+00
1.254000000000000092e+01,5.785154020050597978e-01,4.714583747169545092e+00,5.318356186868749003e-01,4.528970447311174041e+00
1.256000000000000050e+01,5.837917142487956124e-01,4.717737126885707788e+00,5.351301571349927899e-01,4.534559015742850363e+00
1.258000000000000007e+01,5.892456778630568159e-01,4.720607328986470286e+00,5.385275358205601215e-01,4.539987994152172135e+00
1.259999999999999964e+01,5.948869093159551147e-01,4.723181183976310926e+00,5.420323866932398316e-01,4.545250694860107465e+00
1.262000000000000099e+01,6.007257294345408338e-01,4.725444625671405774e+00,5.456496434428823594e-01,4.550340034810060885e+00
1.264000000000000057e+01,6.067732276230062283e-01,4.727382612894249547e+00,5.493845662745944214e-01,4.555248504850072599e+00
1.266000000000000014e+01,6.130413330759596491e-01,4.728979042888836304e+00,5.532427691324623975e-01,4.559968136072670930e+00
1.267999999999999972e+01,6.195428938697005172e-01,4.730216655433576278e+00,5.572302496547227868e-01,4.564490462880549160e+00
1.270000000000000107e+01,6.262917649407312437e-01,4.731076926485151546e+00,5.613534221805019930e-01,4.568806482403220848e+00
1.272000000000000064e+01,6.333029061071370203e-01,4.731539950019930885e+00,5.656191541711048654e-01,4.572906609840516445e+00
1.274000000000000021e+01,6.405924914584388841e-01,4.731584306546486651e+00,5.700348064581164387e-01,4.576780629252206190e+00
1.275999999999999979e+01,6.481780316372143247e-01,4.731186916538542064e+00,5.746082777873636749e-01,4.580417639247943207e+00
1.278000000000000114e+01,6.560785107661000204e-01,4.730322876776912544e+00,5.793480541933099248e-01,4.583805992956768272e+00
1.280000000000000071e+01,6.643145400425763958e-01,4.728965277285114510e+00,5.842632638142108981e-01,4.586933231568892211e+00
1.282000000000000028e+01,6.729085303381306948e-01,4.727084996188708921e+00,5.893637378460966358e-01,4.589786010642430192e+00
1.283999999999999986e+01,6.818848865062584474e-01,4.724650469413818499e+00,5.946600784354362235e-01,4.592350018251915245e+00
1.285999999999999943e+01,6.912702265351214903e-01,4.721627431654829898e+00,6.001637344286445686e-01,4.594609883920957927e+00
1.288000000000000078e+01,7.010936291872210679e-01,4.717978624472028315e+00,6.058870860343298359e-01,4.596549077125176908e+00
1.290000000000000036e+01,7.113869143640534354e-01,4.713663466711451200e+00,6.118435396148167449e-01,4.598149793969540156e+00
1.291999999999999993e+01,7.221849611348807318e-01,4.708637681653343066e+00,6.180476340111404898e-01,4.599392830432034174e+00
1.293999999999999950e+01,7.335260691949728740e-01,4.702852874370552883e+00,6.245151600252827340e-01,4.600257440317602864e+00
1.296000000000000085e+01,7.454523704929796324e-01,4.696256051688646238e+00,6.312632949407411820e-01,4.600721175776122607e+00
1.298000000000000043e+01,7.580102989164846372e-01,4.688789075855281929e+00,6.383107542645062304e-01,4.600759707898117057e+00
1.300000000000000000e+01,7.712511272807429652e-01,4.680388041512693498e+00,6.456779632283601300e-01,4.600346624502834381e+00
1.301999999999999957e+01,7.852315824644183762e-01,4.670982563783403485e+00,6.533872510048475135e-01,4.599453201764428734e+00
1.304000000000000092e+01,8.000145514190662999e-01,4.660494963179467653e+00,6.614630710847418937e-01,4.598048145770522233e+00
1.306000000000000050e+01,8.156698929920632724e-01,4.648839330578089069e+00,6.699322518418279193e-01,4.596097299458423713e+00
1.308000000000000007e+01,8.322753730950857021e-01,4.635920452615225784e+00,6.788242819930513372e-01,4.593563309610220635e+00
1.309999999999999964e+01,8.499177437725428108e-01,4.621632574475866839e+00,6.881716364657033402e-01,4.590405247688504886e+00
1.312000000000000099e+01,8.686939902232738708e-01,4.605857973149684703e+00,6.980101491290250371e-01,4.586578177236537712e+00
1.314000000000000057e+01,8.887127738387462506e-01,4.588465309729746977e+00,7.083794399585415791e-01,4.582032659323990842e+00
1.316000000000000014e+01,9.100961038495601896e-01,4.569307724242158031e+00,7.193234055026423990e-01,4.576714186063673750e+00
1.317999999999999972e+01,9.329812751759932743e-01,4.548220630838733847e+00,7.308907830382288529e-01,4.570562530525949185e+00
1.320000000000000107e+01,9.575231154241476972e-01,4.525019165087059925e+00,7.431358005600359196e-01,4.563510999407024649e+00
1.322000000000000064e+01,9.838965893703419674e-01,4.499495228832382843e+00,7.561189267653479762e-01,4.555485572540972861e+00
1.324000000000000021e+01,1.012299814192627379e+00,4.471414072222690272e+00,7.699077374786739147e-01,4.546403910771308787e+00
1.325999999999999979e+01,1.042957542188275077e+00,4.440510347943190439e+00,7.845779174918817711e-01,4.536174210828056275e+00
1.328000000000000114e+01,1.076125168150122713e+00,4.406483571137577826e+00,8.002144195137592675e-01,4.524693882745467022e+00
1.330000000000000071e+01,1.112093313312126908e+00,4.368992922612570773e+00,8.169128046950784316e-01,4.511848022133334801e+00
1.332000000000000028e+01,1.151193022535694555e+00,4.327651347122760228e+00,8.347807917656261401e-01,4.497507646534428360e+00
1.333999999999999986e+01,1.193801579392251400e+00,4.282018929815489372e+00,8.539400437357210771e-01,4.481527662617318164e+00
1.335999999999999943e+01,1.240348884348591030e+00,4.231595593271304523e+00,8.745282216093057670e-01,4.463744529846423781e+00
1.338000000000000078e+01,1.291324237925017826e+00,4.175813262007905813e+00,8.967013323670536273e-01,4.443973587827450444e+00
1.340000000000000036e+01,1.347283198478724353e+00,4.114027816695698725e+00,9.206363915786057728e-01,4.422006020824957417e+00
1.341999999999999993e+01,1.408853905992963007e+00,4.045511445211885437e+00,9.465344061996445735e-01,4.397605447273800650e+00
1.343999999999999950e+01,1.476741825221929538e+00,3.969446447863059557e+00,9.746236554706015909e-01,4.370504149542876249e+00
1.346000000000000085e+01,1.551731189463722016e+00,3.884922247116828764e+00,1.005163199911113026e+00,4.340399007457711456e+00
1.348000000000000043e+01,1.634680424404763466e+00,3.790938388386512869e+00,1.038446469257774840e+00,4.306947279487864044e+00
1.350000000000000000e+01,1.726507392124499773e+00,3.686417812178681253e+00,1.074804654361372958e+00,4.269762504134457792e+00
1.351999999999999957e+01,1.828158332854942225e+00,3.570236723605748619e+00,1.114609434933699683e+00,4.228410992449942896e+00
1.354000000000000092e+01,1.940551919948622306e+00,3.441279969854969867e+00,1.158274289733850715e+00,4.182409677007332682e+00
1.356000000000000050e+01,2.064487199747587987e+00,3.298533651657031829e+00,1.206253233862990548e+00,4.131226499301371646e+00
1.358000000000000007e+01,2.200502317348199011e+00,3.141228790061469045e+00,1.259035298037709971e+00,4.074285070112541263e+00
1.359999999999999964e+01,2.348671949337361120e+00,2.969049111725342804e+00,1.317132436246208904e+00,4.010975999179885676e+00
1.362000000000000099e+01,2.508339126033594990e+00,2.782408496042361623e+00,1.381057939471243001e+00,3.940677945247955449e+00
1.364000000000000057e+01,2.677797213299411450e+00,2.582783626255872989e+00,1.451292121653270595e+00,3.862791807459597937e+00
1.366000000000000014e+01,2.853975493970610788e+00,2.373049401318685359e+00,1.528232530410229106e+00,3.776791057809193664e+00
1.367999999999999972e+01,3.032235560765757398e+00,2.157709824644126417e+00,1.612127917454621251e+00,3.682289288124018789e+00
1.370000000000000107e+01,3.206435925560165323e+00,1.942864748634403504e+00,1.702999307566120057e+00,3.579121958948102478e+00
1.372000000000000064e+01,3.369421890559695321e+00,1.735750065123670360e+00,1.800557630372475959e+00,3.467433149866819608e+00
1.374000000000000021e+01,3.513987683677479712e+00,1.543795834194692018e+00,1.904133839334228639e+00,3.347751467874553022e+00
1.375999999999999979e+01,3.634127867288343250e+00,1.373375896910278948e+00,2.012640733098610912e+00,3.221035669567036575e+00
1.378000000000000114e+01,3.726157998323583964e+00,1.228663208529271245e+00,2.124582093804110006e+00,3.088673778372105438e+00
1.380000000000000071e+01,3.789246785766867021e+00,1.111051261119516465e+00,2.238113662986813690e+00,2.952430267015700327e+00
1.382000000000000028e+01,3.825165215990205869e+00,1.019347895180840124e+00,2.351146585329536798e+00,2.814349677464762500e+00
1.383999999999999986e+01,3.837451702369577333e+00,9.505581044816643344e-01,2.461474789116478767e+00,2.676634392758597603e+00
1.385999999999999943e+01,3.830414615301328318e+00,9.008461575025216161e-01,2.566907698445983765e+00,2.541514702606237908e+00
1.388000000000000078e+01,3.808327114075090947e+00,8.663253664227321682e-01,2.665396338987351843e+00,2.411122983708503309e+00
1.390000000000000036e+01,3.774953438709504283e+00,8.435324995068170795e-01,2.755147768131599229e+00,2.287377153892335979e+00
1.391999999999999993e+01,3.733368539494780869e+00,8.296183299473504080e-01,2.834724610538073897e+00,2.171876780073732416e+00
1.393999999999999950e+01,3.685964136499054966e+00,8.223553621531806135e-01,2.903122932432931513e+00,2.065818811312044367e+00
1.396000000000000085e+01,3.634542858700025914e+00,8.200573572222285001e-01,2.959817011701320943e+00,1.969944716921361749e+00
1.398000000000000043e+01,3.580436973053806149e+00,8.214723856944476932e-01,3.004759567756743799e+00,1.884531051494727105e+00
1.400000000000000000e+01,3.524619795284646084e+00,8.256808240025317325e-01,3.038333621000171458e+00,1.809428132030051373e+00
1.401999999999999957e+01,3.467797956012224070e+00,8.320102673692606476e-01,3.061264487506825560e+00,1.744139302210571563e+00
1.404000000000000092e+01,3.410482950085758969e+00,8.399693141754811521e-01,3.074510585081935865e+00,1.687922959163338454e+00
1.406000000000000050e+01,3.353044594108094412e+00,8.491980111514304541e-01,3.079154323894344625e+00,1.639896567465133348e+00
1.408000000000000007e+01,3.295750129693131747e+00,8.594315836842314482e-01,3.076309370117337849e+00,1.599126441951892241e+00
1.409999999999999964e+01,3.238792502289404407e+00,8.704742084940959579e-01,3.067052175933396185e+00,1.564695132973579428e+00
1.412000000000000099e+01,3.182310706520355303e+00,8.821801542173568489e-01,3.052378231421781773e+00,1.535745506316357867e+00
1.414000000000000057e+01,3.126404408074574537e+00,8.944402385327304694e-01,3.033179068360414732e+00,1.511505008150629381e+00
1.416000000000000014e+01,3.071144469686884371e+00,9.071720887589290738e-01,3.010234500868038232e+00,1.491295217470838264e+00
1.417999999999999972e+01,3.016580555024733989e+00,9.203131140273418387e-01,2.984214860587325546e+00,1.474531619051452802e+00
1.420000000000000107e+01,2.962746647568935021e+00,9.338154103826462604e-01,2.955689046005786302e+00,1.460717569787079118e+00
1.422000000000000064e+01,2.909665078291310714e+00,9.476420467088919608e-01,2.925135404467511524e+00,1.449435315147741044e+00
1.424000000000000021e+01,2.857349482750701331e+00,9.617643406836752229e-01,2.892953497846128652e+00,1.440335940105010204e+00
1.425999999999999979e+01,2.805806985895997308e+00,9.761598478833651837e-01,2.859475580868262590e+00,1.433129400777384266e+00
1.428000000000000114e+01,2.755039826720333540e+00,9.908108673411089029e-01,2.824977159549690864e+00,1.427575269066808872e+00
1.430000000000000071e+01,2.705046574256306791e+00,1.005703323270728644e+00,2.789686346229733438e+00,1.423474487224584584e+00
1.432000000000000028e+01,2.655823043614019330e+00,1.020825922427889942e+00,2.753791940398609306e+00,1.420662223171296645e+00
1.433999999999999986e+01,2.607362990479946685e+00,1.036169514689682103e+00,2.717450285093220064e+00,1.419001799020352506e+00
1.435999999999999943e+01,2.559658640970101207e+00,1.051726604389928710e+00,2.680791009932777857e+00,1.418379603620449236e+00
1.438000000000000078e+01,2.512701098357524199e+00,1.067490974183103791e+00,2.643921796725572371e+00,1.418700873389763695e+00
1.440000000000000036e+01,2.466480657155730505e+00,1.083457393417746717e+00,2.606932307184696374e+00,1.419886219826836715e+00
1.441999999999999993e+01,2.420987047069658171e+00,1.099621390360704609e+00,2.569897404366999982e+00,1.421868787568481896e+00
1.443999999999999950e+01,2.376209623537920645e+00,1.115979072951049256e+00,2.532879786009419654e+00,1.424591937955681287e+00
1.446000000000000085e+01,2.332137517362620205e+00,1.132526986655591372e+00,2.495932132556580196e+00,1.428007366311043524e+00
1.448000000000000043e+01,2.288759752816872606e+00,1.149262000854086585e+00,2.459098857373267499e+00,1.432073574555565942e+00
1.450000000000000000e+01,2.246065341324631870e+00,1.166181217289989691e+00,2.422417532467149304e+00,1.436754633353272137e+00
1.451999999999999957e+01,2.204043356100940709e+00,1.183281895687188223e+00,2.385920050479311438e+00,1.442019179186156297e+00
1.454000000000000092e+01,2.162682991864817161e+00,1.200561392801293259e+00,2.349633572861915098e+00,1.447839601473519755e+00
1.456000000000000050e+01,2.121973612777506180e+00,1.218017112051307915e+00,2.313581304996662702e+00,1.454191383086357980e+00
1.458000000000000007e+01,2.081904791033193369e+00,1.235646461540070629e+00,2.277783131365141323e+00,1.461052564489019101e+00
1.459999999999999964e+01,2.042466337977412394e+00,1.253446818775187932e+00,2.242256137575477482e+00,1.468403307426613180e+00
1.462000000000000099e+01,2.003648329206350720e+00,1.271415500786701180e+00,2.207015040886095125e+00,1.476225538736361642e+00
1.464000000000000057e+01,1.965441124775760162e+00,1.289549738633164688e+00,2.172072546664602921e+00,1.484502658655533658e+00
1.466000000000000014e+01,1.927835385397341339e+00,1.307846655516068379e+00,2.137439644814574713e+00,1.493219301073601457e+00
1.467999999999999972e+01,1.890822085305601474e+00,1.326303247899861537e+00,2.103125857453277625e+00,1.502361135659012303e+00
1.470000000000000107e+01,1.854392522326034909e+00,1.344916369173315918e+00,2.069139446908768498e+00,1.511914703789970726e+00
1.472000000000000064e+01,1.818538325556172897e+00,1.363682715496657316e+00,2.035487591324365297e+00,1.521867281824777152e+00
1.474000000000000021e+01,1.783251460977130387e+00,1.382598813564576368e+00,2.002176533729061347e+00,1.532206766535823439e+00
1.475999999999999979e+01,1.748524235239131697e+00,1.401661010083032455e+00,1.969211709285683787e+00,1.542921578564066643e+00
1.478000000000000114e+01,1.714349297805846772e+00,1.420865462811534696e+00,1.936597854509035876e+00,1.554000580577959756e+00
1.480000000000000071e+01,1.680719641595990632e+00,1.440208133065273843e+00,1.904339101508893517e+00,1.565433007483138184e+00
1.482000000000000028e+01,1.647628602224053829e+00,1.459684779605290750e+00,1.872439059721350940e+00,1.577208406559518883e+00
1.483999999999999986e+01,1.615069855913349173e+00,1.479290953871514436e+00,1.840900887117474349e+00,1.589316585827217576e+00
1.485999999999999943e+01,1.583037416132342834e+00,1.499021996534253720e+00,1.809727352497225716e+00,1.601747569283046957e+00
1.488000000000000078e+01,1.551525628988365879e+00,1.518873035355583712e+00,1.778920890170427871e+00,1.614491557922189235e+00
1.490000000000000036e+01,1.520529167400410886e+00,1.538838984363771312e+00,1.748483648080295882e+00,1.627538895678501740e+00
1.491999999999999993e+01,1.490043024064156008e+00,1.558914544352017817e+00,1.718417530226831413e+00,1.640880039592542916e+00
1.493999999999999950e+01,1.460062503217081531e+00,1.579094204717809147e+00,1.688724234087681353e+00,1.654505533657408378e+00
1.496000000000000085e+01,1.430583211209147665e+00,1.599372246661401320e+00,1.659405283605373205e+00,1.668405985905631272e+00
1.498000000000000043e+01,1.401601045884643515e+00,1.619742747761722557e+00,1.630462058206095577e+00,1.682572048391187014e+00
1.500000000000000000e+01,1.373112184783202849e+00,1.640199587945470272e+00,1.601895818231662050e+00,1.696994399793326558e+00
1.501999999999999957e+01,1.345113072172380297e+00,1.660736456860628873e+00,1.573707727099129983e+00,1.711663730426986829e+00
1.504000000000000092e+01,1.317600404930342917e+00,1.681346862659218511e+00,1.545898870448705775e+00,1.726570729490598755e+00
1.506000000000000050e+01,1.290571117304969873e+00,1.702024142185984745e+00,1.518470272497670859e+00,1.741706074418406303e+00
1.508000000000000007e+01,1.264022364584719504e+00,1.722761472560135676e+00,1.491422909784117179e+00,1.757060422232628039e+00
1.509999999999999964e+01,1.237951505726842649e+00,1.743551884126318008e+00,1.464757722457793232e+00,1.772624402812324806e+00
1.512000000000000099e+01,1.212356084999627548e+00,1.764388274738996287e+00,1.438475623255020430e+00,1.788388614011767075e+00
1.514000000000000057e+01,1.187233812707154001e+00,1.785263425331477416e+00,1.412577504279502350e+00,1.804343618572329833e+00
1.516000000000000014e+01,1.162582545077239571e+00,1.806170016707248749e+00,1.387064241700012079e+00,1.820479942779183347e+00
1.517999999999999972e+01,1.138400263405634050e+00,1.827100647477309492e+00,1.361936698468787066e+00,1.836788076817910564e+00
1.520000000000000107e+01,1.114685052561776413e+00,1.848047853053054412e+00,1.337195725160357007e+00,1.853258476787153386e+00
1.522000000000000064e+01,1.091435078973307382e+00,1.869004125590287835e+00,1.312842159029015798e+00,1.869881568321898557e+00
1.524000000000000021e+01,1.068648568217736461e+00,1.889961934766392515e+00,1.288876821383783122e+00,1.886647751778458559e+00
1.525999999999999979e+01,1.046323782359924071e+00,1.910913749259850025e+00,1.265300513382083825e+00,1.903547408926885787e+00
1.528000000000000114e+01,1.024458997183081976e+00,1.931852058789493842e+00,1.242114010347182163e+00,1.920570911089823696e+00
1.530000000000000071e+01,1.003052479468562685e+00,1.952769396560351645e+00,1.219318054719281674e+00,1.937708628658939558e+00
1.532000000000000028e+01,9.821024644855678165e-01,1.973658361953975149e+00,1.196913347755862000e+00,1.954950941911356876e+00
1.533999999999999986e+01,9.616071338558379589e-01,1.994511643293993552e+00,1.174900540102945090e+00,1.972288253039233163e+00
1.535999999999999943e+01,9.415645939602312886e-01,2.015322040512483426e+00,1.153280221365315050e+00,1.989710999296046889e+00
1.538000000000000078e+01,9.219728550537111822e-01,2.036082487539799146e+00,1.132052908809953795e+00,2.007209667153542654e+00
1.540000000000000036e+01,9.028298112525563468e-01,2.056786074239879802e+00,1.111219035342868144e+00,2.024774807353909800e+00
1.541999999999999993e+01,8.841332215525449234e-01,2.077426067714839952e+00,1.090778936904799989e+00,2.042397050732875918e+00
1.543999999999999950e+01,8.658806920294518372e-01,2.097995932806882013e+00,1.070732839435822870e+00,2.060067124681220996e+00
1.546000000000000085e+01,8.480696593635076441e-01,2.118489351632237394e+00,1.051080845562307298e+00,2.077775870105012412e+00
1.548000000000000043e+01,8.306973758176110501e-01,2.138900241990863815e+00,1.031822921162003359e+00,2.095514258738807811e+00
1.550000000000000000e+01,8.137608957852365821e-01,2.159222774506885933e+00,1.012958881963885283e+00,2.113273410661376417e+00
1.551999999999999957e+01,7.972570640083510574e-01,2.179451388368066844e+00,9.944883803387802867e-01,2.131044611860308358e+00
1.554000000000000092e+01,7.811825055485024372e-01,2.199580805547748596e+00,9.764108924345841212e-01,2.148819331690348555e+00
1.556000000000000050e+01,7.655336175758727935e-01,2.219606043409408258e+00,9.587257058059701631e-01,2.166589240070496025e+00
1.558000000000000007e+01,7.503065630218095361e-01,2.239522425611954137e+00,9.414319076829053001e-01,2.184346224266936254e+00
1.559999999999999964e+01,7.354972661205114726e-01,2.259325591252816068e+00,9.245283740150049834e-01,2.202082405112721020e+00
1.562000000000000099e+01,7.211014098455018617e-01,2.279011502205415596e+00,9.080137594198480766e-01,2.219790152520783266e+00
1.564000000000000057e+01,7.071144352266192090e-01,2.298576448627388302e+00,8.918864881529040556e-01,2.237462100154320677e+00
1.566000000000000014e+01,6.935315425138482981e-01,2.318017052635626740e+00,8.761447462048369550e-01,2.255091159127693423e+00
1.567999999999999972e+01,6.803476941357221586e-01,2.337330270163476165e+00,8.607864746187936511e-01,2.272670530621657026e+00
1.570000000000000107e+01,6.675576193825565330e-01,2.356513391033927540e+00,8.458093641060431267e-01,2.290193717308810939e+00
1.572000000000000064e+01,6.551558207287050406e-01,2.375564037300128106e+00,8.312108510232190106e-01,2.307654533498418203e+00
1.574000000000000021e+01,6.431365816935686874e-01,2.394480159920690188e+00,8.169881147586666170e-01,2.325047113924011200e+00
1.575999999999999979e+01,6.314939761284620312e-01,2.413260033851925446e+00,8.031380765592378568e-01,2.342365921112228744e+00
1.578000000000000114e+01,6.202218788057596299e-01,2.431902251652058755e+00,7.896573998125823168e-01,2.359605751286872888e+00
1.580000000000000071e+01,6.093139771781302949e-01,2.450405715703572795e+00,7.765424917837847607e-01,2.376761738777992683e+00
1.582000000000000028e+01,5.987637841691539897e-01,2.468769629168986679e+00,7.637895067893605283e-01,2.393829358921637063e+00
1.583999999999999986e+01,5.885646518522148485e-01,2.486993485802542647e+00,7.513943507763753971e-01,2.410804429451510522e+00
1.586000000000000121e+01,5.787097858722392019e-01,2.505077058745473817e+00,7.393526872600180155e-01,2.427683110398918487e+00
1.588000000000000078e+01,5.691922604645092143e-01,2.523020388435758932e+00,7.276599445595377524e-01,2.444461902531822162e+00
1.590000000000000036e+01,5.600050339263336063e-01,2.540823769764644524e+00,7.163113242602294761e-01,2.461137644377401568e+00
1.591999999999999993e+01,5.511409644006394215e-01,2.558487738611812112e+00,7.053018108182622647e-01,2.477707507885013261e+00
1.593999999999999950e+01,5.425928258354074663e-01,2.576013057889031455e+00,6.946261822157098198e-01,2.494168992797732187e+00
1.596000000000000085e+01,5.343533239891146147e-01,2.593400703218616155e+00,6.842790215652544417e-01,2.510519919810620948e+00
1.598000000000000043e+01,5.264151123597804460e-01,2.610651848368167993e+00,6.742547295577400179e-01,2.526758422602423337e+00
1.600000000000000000e+01,5.187708079236306169e-01,2.627767850557122031e+00,6.645475376410657775e-01,2.542882938834432949e+00
1.601999999999999957e+01,5.114130065785884582e-01,2.644750235743691391e+00,6.551515218158462384e-01,2.558892200215867163e+00
1.603999999999999915e+01,5.043342981975794670e-01,2.661600683993128769e+00,6.460606169317497649e-01,2.574785221739142482e+00
1.605999999999999872e+01,4.975272812067924599e-01,2.678321015019964335e+00,6.372686313684350345e-01,2.590561290191029542e+00
1.608000000000000185e+01,4.909845766143987600e-01,2.694913173988222166e+00,6.287692619864121424e-01,2.606219952046854083e+00
1.610000000000000142e+01,4.846988414256190314e-01,2.711379217644713790e+00,6.205561092358798936e-01,2.621761000854740509e+00
1.612000000000000099e+01,4.786627813902945006e-01,2.727721300851525754e+00,6.126226923154985959e-01,2.637184464215479363e+00
1.614000000000000057e+01,4.728691630391252954e-01,2.743941663574889223e+00,6.049624642780109252e-01,2.652490590461049624e+00
1.616000000000000014e+01,4.673108249743726517e-01,2.760042618378859558e+00,5.975688269854866341e-01,2.667679835131252286e+00
1.617999999999999972e+01,4.619806883899792438e-01,2.776026538463765458e+00,5.904351458235820305e-01,2.682752847343451208e+00
1.619999999999999929e+01,4.568717668046691771e-01,2.791895846281275961e+00,5.835547640914290346e-01,2.697710456145197000e+00
1.621999999999999886e+01,4.519771749995801779e-01,2.807653002750271742e+00,5.769210169914499309e-01,2.712553656933669011e+00
1.624000000000000199e+01,4.472901371593143716e-01,2.823300497090545758e+00,5.705272451513908605e-01,2.727283598019534683e+00
1.626000000000000156e+01,4.428039942219407776e-01,2.838840837284732910e+00,5.643668076190422322e-01,2.741901567406141105e+00
1.628000000000000114e+01,4.385122104494283413e-01,2.854276541172806603e+00,5.584330942783416463e-01,2.756408979848018248e+00
1.630000000000000071e+01,4.344083792352325113e-01,2.869610128178013753e+00,5.527195376437186169e-01,2.770807364245619464e+00
1.632000000000000028e+01,4.304862281703108473e-01,2.884844111658230847e+00,5.472196239975379850e-01,2.785098351426169572e+00
1.633999999999999986e+01,4.267396233927235882e-01,2.899980991872411984e+00,5.419269038432318331e-01,2.799283662353489355e+00
1.635999999999999943e+01,4.231625732492106939e-01,2.915023249548070350e+00,5.368350016541137970e-01,2.813365096802843190e+00
1.637999999999999901e+01,4.197492312997628261e-01,2.929973340032534068e+00,5.319376249048621830e-01,2.827344522530272464e+00
1.639999999999999858e+01,4.164938986982562596e-01,2.944833688008045236e+00,5.272285723792038414e-01,2.841223864959577572e+00
1.642000000000000171e+01,4.133910259837461632e-01,2.959606682748590067e+00,5.227017417533772470e-01,2.855005097404174741e+00
1.644000000000000128e+01,4.104352143180503010e-01,2.974294673894611218e+00,5.183511364604822536e-01,2.868690231835487658e+00
1.646000000000000085e+01,4.076212162058545641e-01,2.988899967720445972e+00,5.141708718458104510e-01,2.882281310204396263e+00
1.648000000000000043e+01,4.049439357337763501e-01,3.003424823868407145e+00,5.101551806276921619e-01,2.895780396317557681e+00
1.650000000000000000e+01,4.023984283646776516e-01,3.017871452522830289e+00,5.062984176822982185e-01,2.909189568266150605e+00
1.651999999999999957e+01,3.999799003230724570e-01,3.032242011997142050e+00,5.025950641741945280e-01,2.922510911400769462e+00
1.653999999999999915e+01,3.976837076067609167e-01,3.046538606706992169e+00,4.990397310572973755e-01,2.935746511842853401e+00
1.655999999999999872e+01,3.955053546588910840e-01,3.060763285502726916e+00,4.956271619732255940e-01,2.948898450520054837e+00
1.658000000000000185e+01,3.934404927335297675e-01,3.074918040334910341e+00,4.923522355759258895e-01,2.961968797710480494e+00
1.660000000000000142e+01,3.914849179865573792e-01,3.089004805227212103e+00,4.892099673128862403e-01,2.974959608078585394e+00
1.662000000000000099e+01,3.896345693223136064e-01,3.103025455531724930e+00,4.861955106942823512e-01,2.987872916183786476e+00
1.664000000000000057e+01,3.878855260249469139e-01,3.116981807442645191e+00,4.833041580820577332e-01,3.000710732441455697e+00
1.666000000000000014e+01,3.862340052018810033e-01,3.130875617745211947e+00,4.805313410312521127e-01,3.013475039514918574e+00
1.667999999999999972e+01,3.846763590652333420e-01,3.144708583777822142e+00,4.778726302159018169e-01,3.026167789116305240e+00
1.669999999999999929e+01,3.832090720754222635e-01,3.158482343586328511e+00,4.753237349715754290e-01,3.038790899193632988e+00
1.671999999999999886e+01,3.818287579696001965e-01,3.172198476250642329e+00,4.728805024861065798e-01,3.051346251481247052e+00
1.674000000000000199e+01,3.805321566959637414e-01,3.185858502364886657e+00,4.705389166693832448e-01,3.063835689390733474e+00
1.676000000000000156e+01,3.793161312734328328e-01,3.199463884653498180e+00,4.682950967321743985e-01,3.076261016219588473e+00
1.678000000000000114e+01,3.781776645946688387e-01,3.213016028706793481e+00,4.661452955029503631e-01,3.088623993655250644e+00
1.680000000000000071e+01,3.771138561889273433e-01,3.226516283820641817e+00,4.640858975105143780e-01,3.100926340552601967e+00
1.682000000000000028e+01,3.761219189598192236e-01,3.239965943925971370e+00,4.621134168590267932e-01,3.113169731963625342e+00
1.683999999999999986e+01,3.751991759116924952e-01,3.253366248594901755e+00,4.602244949207018321e-01,3.125355798398612439e+00
1.685999999999999943e+01,3.743430568770484412e-01,3.266718384111312101e+00,4.584158978701011744e-01,3.137486125299083106e+00
1.687999999999999901e+01,3.735510952561735265e-01,3.280023484594646099e+00,4.566845140825682714e-01,3.149562252703431930e+00
1.689999999999999858e+01,3.728209247790049141e-01,3.293282633166691120e+00,4.550273514179461465e-01,3.161585675087190239e+00
1.692000000000000171e+01,3.721502762981521717e-01,3.306496863151963783e+00,4.534415344093273847e-01,3.173557841360711063e+00
1.694000000000000128e+01,3.715369746209722379e-01,3.319667159303180792e+00,4.519243013751971239e-01,3.185480155008026948e+00
1.696000000000000085e+01,3.709789353876367657e-01,3.332794459044096769e+00,4.504730014719717790e-01,3.197353974351573758e+00
1.698000000000000043e+01,3.704741620012412251e-01,3.345879653722739544e+00,4.490850917026050770e-01,3.209180612928416831e+00
1.700000000000000000e+01,3.700207426151800316e-01,3.358923589868775927e+00,4.477581338956468926e-01,3.220961339964548031e+00
1.701999999999999957e+01,3.696168471822500745e-01,3.371927070449402208e+00,4.464897916678964296e-01,3.232697380934747677e+00
1.703999999999999915e+01,3.692607245692458573e-01,3.384890856118761615e+00,4.452778273826007438e-01,3.244389918196396216e+00
1.705999999999999872e+01,3.689506997401664212e-01,3.397815666456456274e+00,4.441200991140129561e-01,3.256040091686486004e+00
1.708000000000000185e+01,3.686851710105680247e-01,3.410702181191251459e+00,4.430145576280434261e-01,3.267648999671926902e+00
1.710000000000000142e+01,3.684626073750641995e-01,3.423551041406543760e+00,4.419592433877179705e-01,3.279217699544043185e+00
1.712000000000000099e+01,3.682815459094895827e-01,3.436362850724616891e+00,4.409522835911937610e-01,3.290747208648918676e+00
1.714000000000000057e+01,3.681405892488090470e-01,3.449138176467107630e+00,4.399918892491840872e-01,3.302238505145982828e+00
1.716000000000000014e+01,3.680384031414598578e-01,3.461877550789480562e+00,4.390763523077976793e-01,3.313692528887917543e+00
1.717999999999999972e+01,3.679737140804639761e-01,3.474581471787647313e+00,4.382040428220175254e-01,3.325110182315622165e+00
1.719999999999999929e+01,3.679453070113339885e-01,3.487250404575167995e+00,4.373734061843148613e-01,3.336492331362571839e+00
1.721999999999999886e+01,3.679520231165192001e-01,3.499884782329756305e+00,4.365829604122234975e-01,3.347839806363490656e+00
1.724000000000000199e+01,3.679927576758936225e-01,3.512485007308051355e+00,4.358312934980811404e-01,3.359153402962794743e+00
1.726000000000000156e+01,3.680664580025732602e-01,3.525051451827853732e+00,4.351170608235775394e-01,3.370433883018741916e+00
1.728000000000000114e+01,3.681721214531644693e-01,3.537584459217211208e+00,4.344389826412313749e-01,3.381681975499712500e+00
1.730000000000000071e+01,3.683087935113843470e-01,3.550084344729928176e+00,4.337958416244464543e-01,3.392898377369442997e+00
1.732000000000000028e+01,3.684755659438571640e-01,3.562551396427227512e+00,4.331864804873705177e-01,3.404083754458451239e+00
1.733999999999999986e+01,3.686715750267755554e-01,3.574985876025432052e+00,4.326097996753939245e-01,3.415238742319232301e+00
1.735999999999999943e+01,3.688959998420194286e-01,3.587388019709652820e+00,4.320647551267786657e-01,3.426363947063159721e+00
1.737999999999999901e+01,3.691480606412468890e-01,3.599758038913584812e+00,4.315503561055984427e-01,3.437459946177293446e+00
1.740000000000000213e+01,3.694270172764095306e-01,3.612096121065597298e+00,4.310656631058933375e-01,3.448527289319608613e+00
1.742000000000000171e+01,3.697321676950971470e-01,3.624402430301381539e+00,4.306097858266996203e-01,3.459566499091377700e+00
1.744000000000000128e+01,3.700628464990819433e-01,3.636677108143494763e+00,4.301818812173971440e-01,3.470578071785682450e+00
1.746000000000000085e+01,3.704184235644098488e-01,3.648920274148185428e+00,4.297811515926326931e-01,3.481562478111221992e+00
1.748000000000000043e+01,3.707983027213733185e-01,3.661132026519933635e+00,4.294068428159105721e-01,3.492520163890779461e+00
1.750000000000000000e+01,3.712019204926982896e-01,3.673312442694181001e+00,4.290582425508046582e-01,3.503451550733859499e+00
1.751999999999999957e+01,3.716287448882819033e-01,3.685461579888743344e+00,4.287346785786247949e-01,3.514357036683152025e+00
1.753999999999999915e+01,3.720782742548310873e-01,3.697579475624428458e+00,4.284355171812718188e-01,3.525236996834625991e+00
1.755999999999999872e+01,3.725500361787704162e-01,3.709666148215392312e+00,4.281601615879330192e-01,3.536091783931141208e+00
1.758000000000000185e+01,3.730435864408135349e-01,3.721721597229773693e+00,4.279080504842021071e-01,3.546921728929585349e+00
1.760000000000000142e+01,3.735585080206209607e-01,3.733745803921149964e+00,4.276786565821570352e-01,3.557727141541620064e+00
1.762000000000000099e+01,3.740944101500015551e-01,3.745738731631357066e+00,4.274714852498887607e-01,3.568508310748198742e+00
1.764000000000000057e+01,3.746509274131534784e-01,3.757700326165205329e+00,4.272860731989471805e-01,3.579265505288067750e+00
1.766000000000000014e+01,3.752277188924803553e-01,3.769630516137615572e+00,4.271219872281528107e-01,3.589998974120545583e+00
1.767999999999999972e+01,3.758244673585631190e-01,3.781529213293683078e+00,4.269788230222159031e-01,3.600708946862873905e+00
1.769999999999999929e+01,3.764408785029130788e-01,3.793396312802161940e+00,4.268562040036039118e-01,3.611395634202514859e+00
1.771999999999999886e+01,3.770766802121813255e-01,3.805231693522835634e+00,4.267537802361078825e-01,3.622059228284766341e+00
1.774000000000000199e+01,3.777316218825479410e-01,3.817035218248225448e+00,4.266712273785713827e-01,3.632699903076100245e+00
1.776000000000000156e+01,3.784054737730664364e-01,3.828806733920055994e+00,4.266082456872676287e-01,3.643317814703644242e+00
1.778000000000000114e+01,3.790980263967907438e-01,3.840546071820870377e+00,4.265645590654331687e-01,3.653913101771232075e+00
1.780000000000000071e+01,3.798090899485653260e-01,3.852253047741160064e+00,4.265399141584993448e-01,3.664485885652454478e+00
1.782000000000000028e+01,3.805384937684130331e-01,3.863927462122341172e+00,4.265340794935935653e-01,3.675036270761148138e+00
1.783999999999999986e+01,3.812860858395095143e-01,3.875569100175876525e+00,4.265468446619204990e-01,3.685564344799740599e+00
1.785999999999999943e+01,3.820517323197882842e-01,3.887177731978807671e+00,4.265780195426736587e-01,3.696070178985882304e+00
1.787999999999999901e+01,3.828353171062751636e-01,3.898753112545925159e+00,4.266274335671672580e-01,3.706553828257767247e+00
1.790000000000000213e+01,3.836367414313077151e-01,3.910294981878767118e+00,4.266949350219250703e-01,3.717015331458537908e+00
1.792000000000000171e+01,3.844559234898494715e-01,3.921803064991599364e+00,4.267803903895069917e-01,3.727454711500155060e+00
1.794000000000000128e+01,3.852927980971665445e-01,3.933277071914485390e+00,4.268836837259012418e-01,3.737871975507091271e+00
1.796000000000000085e+01,3.861473163761888761e-01,3.944716697673519956e+00,4.270047160733592695e-01,3.748267114940177613e+00
1.798000000000000043e+01,3.870194454739361856e-01,3.956121622248248926e+00,4.271434049075973904e-01,3.758640105700928213e+00
1.800000000000000000e+01,3.879091683064446738e-01,3.967491510506261587e+00,4.272996836183423630e-01,3.768990908216619751e+00
1.801999999999999957e+01,3.888164833316877789e-01,3.978826012114889732e+00,4.274735010222446285e-01,3.779319467506392360e+00
1.803999999999999915e+01,3.897414043500413428e-01,3.990124761429902467e+00,4.276648209072365092e-01,3.789625713228605974e+00
1.805999999999999872e+01,3.906839603319020027e-01,4.001387377361041331e+00,4.278736216074632281e-01,3.799909559709645723e+00
1.808000000000000185e+01,3.916441952721248509e-01,4.012613463214180776e+00,4.280998956079650197e-01,3.810170905954351817e+00
1.810000000000000142e+01,3.926221680710063056e-01,4.023802606509856439e+00,4.283436491783411681e-01,3.820409635638212453e+00
1.812000000000000099e+01,3.936179524415965858e-01,4.034954378777846351e+00,4.286049020346779370e-01,3.830625617081415690e+00
1.814000000000000057e+01,3.946316368431875832e-01,4.046068335327423604e+00,4.288836870290752001e-01,3.840818703204834428e+00
1.816000000000000014e+01,3.956633244408826466e-01,4.057144014992864811e+00,4.291800498661573204e-01,3.850988731467968051e+00
1.817999999999999972e+01,3.967131330912170850e-01,4.068180939853712985e+00,4.294940488460058381e-01,3.861135523788838064e+00
1.819999999999999929e+01,3.977811953538629153e-01,4.079178614929242386e+00,4.298257546330060963e-01,3.871258886445784864e+00
1.821999999999999886e+01,3.988676585295157784e-01,4.090136527846512493e+00,4.301752500501486165e-01,3.881358609961080397e+00
1.824000000000000199e+01,3.999726847241291128e-01,4.101054148481308559e+00,4.305426298983831557e-01,3.891434468966227467e+00
1.826000000000000156e+01,4.010964509397300648e-01,4.111930928571225330e+00,4.309280008006721729e-01,3.901486222048762276e+00
1.828000000000000114e+01,4.022391491921221141e-01,4.122766301300038627e+00,4.313314810704468871e-01,3.911513611580351490e+00
1.830000000000000071e+01,4.034009866558535551e-01,4.133559680852465057e+00,4.317532006042222870e-01,3.921516363525907600e+00
1.832000000000000028e+01,4.045821858369064161e-01,4.144310461938295553e+00,4.321933007981819119e-01,3.931494187233410376e+00
1.833999999999999986e+01,4.057829847736406648e-01,4.155018019284823616e+00,4.326519344885981777e-01,3.941446775204069830e+00
1.835999999999999943e+01,4.070036372666101521e-01,4.165681707096381636e+00,4.331292659160118630e-01,3.951373802842403027e+00
1.837999999999999901e+01,4.082444131379540098e-01,4.176300858479705447e+00,4.336254707131501074e-01,3.961274928185757549e+00
1.840000000000000213e+01,4.095055985211570881e-01,4.186874784833743313e+00,4.341407359166212787e-01,3.971149791612745616e+00
1.842000000000000171e+01,4.107874961820682236e-01,4.197402775202409231e+00,4.346752600024865187e-01,3.980998015529995993e+00
1.844000000000000128e+01,4.120904258721649893e-01,4.207884095588671158e+00,4.352292529458668957e-01,3.990819204036568646e+00
1.846000000000000085e+01,4.134147247151594984e-01,4.218317988228233339e+00,4.358029363048103733e-01,4.000612942565306973e+00
1.848000000000000043e+01,4.147607476281504058e-01,4.228703670820939564e+00,4.363965433287083084e-01,4.010378797500345094e+00
1.850000000000000000e+01,4.161288677786452728e-01,4.239040335717882080e+00,4.370103190916171942e-01,4.020116315769886484e+00
1.851999999999999957e+01,4.175194770789021348e-01,4.249327149062052555e+00,4.376445206509145258e-01,4.029825024413334233e+00
1.853999999999999915e+01,4.189329867191728396e-01,4.259563249880203628e+00,4.382994172317882797e-01,4.039504430121731993e+00
1.855999999999999872e+01,4.203698277415720552e-01,4.269747749123420810e+00,4.389752904381382104e-01,4.049154018750413364e+00
1.858000000000000185e+01,4.218304516564481688e-01,4.279879728653713578e+00,4.396724344905454385e-01,4.058773254802654051e+00
1.860000000000000142e+01,4.233153311032931132e-01,4.289958240173739945e+00,4.403911564920522936e-01,4.068361580883028239e+00
1.862000000000000099e+01,4.248249605584024646e-01,4.299982304096564789e+00,4.411317767225821918e-01,4.077918417119069439e+00
1.864000000000000057e+01,4.263598570916820041e-01,4.309950908352116805e+00,4.418946289629221980e-01,4.087443160549725008e+00
1.866000000000000014e+01,4.279205611751966676e-01,4.319863007126768295e+00,4.426800608492904576e-01,4.096935184478967429e+00
1.867999999999999972e+01,4.295076375462723584e-01,4.329717519532188419e+00,4.434884342596134843e-01,4.106393837792816193e+00
1.869999999999999929e+01,4.311216761281910226e-01,4.339513328199344322e+00,4.443201257327508147e-01,4.115818444237885565e+00
1.871999999999999886e+01,4.327632930117686905e-01,4.349249277793203028e+00,4.451755269220211142e-01,4.125208301659418986e+00
1.874000000000000199e+01,4.344331315013739148e-01,4.358924173443362804e+00,4.460550450845098269e-01,4.134562681196636724e+00
1.876000000000000156e+01,4.361318632292333630e-01,4.368536779085475885e+00,4.469591036077721902e-01,4.143880826433047559e+00
1.878000000000000114e+01,4.378601893421854574e-01,4.378085815707938977e+00,4.478881425756894852e-01,4.153161952499206500e+00
1.880000000000000071e+01,4.396188417653809632e-01,4.387569959497899852e+00,4.488426193753883853e-01,4.162405245125201603e+00
1.882000000000000028e+01,4.414085845477974668e-01,4.396987839880175386e+00,4.498230093472999069e-01,4.171609859639967333e+00
1.883999999999999986e+01,4.432302152948329743e-01,4.406338037442184330e+00,4.508298064806096628e-01,4.180774919914282073e+00
1.885999999999999943e+01,4.450845666936762979e-01,4.415619081737444773e+00,4.518635241565427396e-01,4.189899517244093374e+00
1.887999999999999901e+01,4.469725081376233478e-01,4.424829448959624045e+00,4.529246959421306395e-01,4.198982709170546279e+00
1.890000000000000213e+01,4.488949474560186559e-01,4.433967559478475984e+00,4.540138764373296554e-01,4.208023518232815618e+00
1.892000000000000171e+01,4.508528327570600625e-01,4.443031775228313940e+00,4.551316421785997490e-01,4.217020930649560739e+00
1.894000000000000128e+01,4.528471543913114572e-01,4.452020396938920932e+00,4.562785926023092964e-01,4.225973894924480945e+00
1.896000000000000085e+01,4.548789470444313254e-01,4.460931661197975018e+00,4.574553510716141691e-01,4.234881320371122193e+00
1.898000000000000043e+01,4.569492919683489918e-01,4.469763737333169118e+00,4.586625659707603275e-01,4.243742075551692139e+00
1.900000000000000000e+01,4.590593193609123768e-01,4.478514724101239075e+00,4.599009118710908339e-01,4.252554986624243583e+00
1.901999999999999957e+01,4.612102109048957232e-01,4.487182646170037259e+00,4.611710907733941323e-01,4.261318835592141419e+00
1.903999999999999915e+01,4.634032024782061554e-01,4.495765450378629069e+00,4.624738334316211841e-01,4.270032358449240562e+00
1.905999999999999872e+01,4.656395870481664367e-01,4.504261001759104488e+00,4.638099007634226556e-01,4.278694243213684523e+00
1.908000000000000185e+01,4.679207177638928794e-01,4.512667079302414841e+00,4.651800853534179825e-01,4.287303127842661432e+00
1.910000000000000142e+01,4.702480112620411878e-01,4.520981371448988817e+00,4.665852130556151778e-01,4.295857598019832579e+00
1.912000000000000099e+01,4.726229512025706403e-01,4.529201471283218261e+00,4.680261447019465337e-01,4.304356184806467311e+00
1.914000000000000057e+01,4.750470920526942975e-01,4.537324871409043503e+00,4.695037779244916609e-01,4.312797362146584490e+00
1.916000000000000014e+01,4.775220631388538695e-01,4.545348958481829627e+00,4.710190490996146173e-01,4.321179544215587143e+00
1.917999999999999972e+01,4.800495729883998974e-01,4.553271007369506407e+00,4.725729354229646906e-01,4.329501082600978989e+00
1.919999999999999929e+01,4.826314139846940576e-01,4.561088174913444426e+00,4.741664571250812088e-01,4.337760263302816277e+00
1.921999999999999886e+01,4.852694673615959853e-01,4.568797493256848696e+00,4.758006798382125035e-01,4.345955303540441683e+00
1.924000000000000199e+01,4.879657085657856386e-01,4.576395862705426865e+00,4.774767171259106657e-01,4.354084348350918177e+00
1.926000000000000156e+01,4.907222130181250752e-01,4.583880044081771743e+00,4.791957331880160598e-01,4.362145466963278650e+00
1.928000000000000114e+01,4.935411623083169053e-01,4.591246650531217277e+00,4.809589457547992497e-01,4.370136648931312706e+00
1.930000000000000071e+01,4.964248508605036414e-01,4.598492138732864554e+00,4.827676291853033597e-01,4.378055800006054099e+00
1.932000000000000028e+01,4.993756931112178776e-01,4.605612799464940288e+00,4.846231177863333794e-01,4.385900737727431498e+00
1.933999999999999986e+01,5.023962312452789902e-01,4.612604747468655120e+00,4.865268093700931828e-01,4.393669186712668484e+00
1.935999999999999943e+01,5.054891435398948252e-01,4.619463910549133523e+00,4.884801690701859878e-01,4.401358773616937725e+00
1.937999999999999901e+01,5.086572533724257328e-01,4.626186017845804521e+00,4.904847334375949108e-01,4.408967021739485403e+00
1.940000000000000213e+01,5.119035389530699476e-01,4.632766587197711949e+00,4.925421148403653637e-01,4.416491345245893818e+00
1.942000000000000171e+01,5.152311438502137353e-01,4.639200911521506931e+00,4.946540061930467802e-01,4.423929042974367398e+00
1.944000000000000128e+01,5.186433883834471459e-01,4.645484044111269029e+00,4.968221860445474203e-01,4.431277291790774342e+00
1.946000000000000085e+01,5.221437819673744318e-01,4.651610782759672880e+00,4.990485240559381364e-01,4.438533139453754828e+00
1.948000000000000043e+01,5.257360364984687839e-01,4.657575652589231119e+00,5.013349869029559702e-01,4.445693496947341394e+00
1.950000000000000000e+01,5.294240808874646209e-01,4.663372887470266015e+00,5.036836446415378088e-01,4.452755130234279157e+00
1.951999999999999957e+01,5.332120768513040066e-01,4.668996409888677590e+00,5.060966775787095751e-01,4.459714651378454242e+00
1.953999999999999915e+01,5.371044360916307214e-01,4.674439809111325062e+00,5.085763836956225248e-01,4.466568508979539942e+00
1.955999999999999872e+01,5.411058390014618080e-01,4.679696317479661083e+00,5.111251866745241124e-01,4.473312977857043293e+00
1.958000000000000185e+01,5.452212550581991835e-01,4.684758784642894192e+00,5.137456445870461907e-01,4.479944147914283192e+00
1.960000000000000142e+01,5.494559650798398476e-01,4.689619649520089695e+00,5.164404593074745087e-01,4.486457912105430879e+00
1.962000000000000099e+01,5.538155855424230500e-01,4.694270909755910104e+00,5.192124867217126072e-01,4.492849953420387621e+00
1.964000000000000057e+01,5.583060951807766736e-01,4.698704088406707946e+00,5.220647478105885364e-01,4.499115730792954793e+00
1.966000000000000014e+01,5.629338641219184813e-01,4.702910197561950945e+00,5.250004406950884439e-01,4.505250463827227492e+00
1.967999999999999972e+01,5.677056858315219223e-01,4.706879698569909287e+00,5.280229537411773588e-01,4.511249116225300781e+00
1.969999999999999929e+01,5.726288121892466609e-01,4.710602458495554146e+00,5.311358798332582731e-01,4.517106377786056726e+00
1.971999999999999886e+01,5.777109920491250161e-01,4.714067702391890435e+00,5.343430319381965443e-01,4.522816644829713795e+00
1.974000000000000199e+01,5.829605136873735605e-01,4.717263960912659648e+00,5.376484600964339666e-01,4.528373998885788509e+00
1.976000000000000156e+01,5.883862515928731662e-01,4.720179012733412449e+00,5.410564699932769450e-01,4.533772183462832395e+00
1.978000000000000114e+01,5.939977181162088282e-01,4.722799821178218949e+00,5.445716432822602648e-01,4.539004578696390624e+00
1.980000000000000071e+01,5.998051205628313065e-01,4.725112464369272125e+00,5.481988598539158097e-01,4.544064173646773952e+00
1.982000000000000028e+01,6.058194243960867142e-01,4.727102058124760475e+00,5.519433222676979334e-01,4.548943535989926623e+00
1.983999999999999986e+01,6.120524233082862420e-01,4.728752670724639451e+00,5.558105825927083243e-01,4.553634778812391204e+00
1.985999999999999943e+01,6.185168170247226094e-01,4.730047228542037629e+00,5.598065719347729008e-01,4.558129524184549197e+00
1.987999999999999901e+01,6.252262978289998552e-01,4.730967411397266176e+00,5.639376329639754770e-01,4.562418863144159786e+00
1.990000000000000213e+01,6.321956469411014190e-01,4.731493536328584604e+00,5.682105557987151556e-01,4.566493311673951006e+00
1.992000000000000171e+01,6.394408420456767494e-01,4.731604428285187680e+00,5.726326176505903698e-01,4.570342762201619280e+00
1.994000000000000128e+01,6.469791774611068913e-01,4.731277276028843737e+00,5.772116266899739445e-01,4.573956430086864700e+00
1.996000000000000085e+01,6.548293986648012766e-01,4.730487471275926836e+00,5.819559706562412726e-01,4.577322794486764046e+00
1.998000000000000043e+01,6.630118531525566183e-01,4.729208428814875909e+00,5.868746708107005494e-01,4.580429532906110879e+00
2.000000000000000000e+01,6.715486599164439685e-01,4.727411384987937559e+00,5.919774419160486190e-01,4.583263448641516469e+00
2.001999999999999957e+01,6.804639001846077839e-01,4.725065171521444896e+00,5.972747590256670680e-01,4.585810390214788868e+00
2.003999999999999915e+01,6.897838324871351512e-01,4.722135961215225386e+00,6.027779319816726211e-01,4.588055161759683642e+00
2.005999999999999872e+01,6.995371356061546031e-01,4.718586981446462936e+00,6.084991886551820439e-01,4.589981423173424169e+00
2.008000000000000185e+01,7.097551835490810701e-01,4.714378190791413736e+00,6.144517681191352665e-01,4.591571578666599152e+00
2.010000000000000142e+01,7.204723573674780557e-01,4.709465913302035567e+00,6.206500251272342172e-01,4.592806652137787715e+00
2.012000000000000099e+01,7.317263994493814483e-01,4.703802424072782706e+00,6.271095474868847441e-01,4.593666147557094348e+00
2.014000000000000057e+01,7.435588168625488770e-01,4.697335478670627396e+00,6.338472881651413537e-01,4.594127892259550983e+00
2.016000000000000014e+01,7.560153414463263166e-01,4.690007777749598539e+00,6.408817142612774909e-01,4.594167860717409901e+00
2.017999999999999972e+01,7.691464556714132650e-01,4.681756356695585097e+00,6.482329753257484173e-01,4.593759975970984399e+00
2.019999999999999929e+01,7.830079948452859373e-01,4.672511888408283909e+00,6.559230939124301996e-01,4.592875885440191652e+00
2.021999999999999886e+01,7.976618380769051608e-01,4.662197885279758758e+00,6.639761817303058145e-01,4.591484707301090040e+00
2.024000000000000199e+01,8.131767025728149356e-01,4.650729784022311186e+00,6.724186853253552032e-01,4.589552742978636246e+00
2.026000000000000156e+01,8.296290583668308738e-01,4.638013894176839180e+00,6.812796658886612899e-01,4.587043150561678218e+00
2.028000000000000114e+01,8.471041835377609575e-01,4.623946187838572364e+00,6.905911185704278754e-01,4.583915573068891192e+00
2.030000000000000071e+01,8.656973833917156469e-01,4.608410904313862133e+00,7.003883376020433316e-01,4.580125714462262465e+00
2.032000000000000028e+01,8.855154010146554233e-01,4.591278939023087702e+00,7.107103346122790599e-01,4.575624855092095267e+00
2.033999999999999986e+01,9.066780510499524715e-01,4.572405980967497285e+00,7.216003187940144281e-01,4.570359296836292273e+00
2.035999999999999943e+01,9.293201134916586614e-01,4.551630357504792279e+00,7.331062490603466042e-01,4.564269726537007799e+00
2.037999999999999901e+01,9.535935295908297693e-01,4.528770539135788198e+00,7.452814700484146071e-01,4.557290484410489562e+00
2.040000000000000213e+01,9.796699473922619861e-01,4.503622250742539634e+00,7.581854458058085999e-01,4.549348721885879243e+00
2.042000000000000171e+01,1.007743669460250180e+00,4.475955129726706616e+00,7.718846072370285638e-01,4.540363430801492406e+00
2.044000000000000128e+01,1.038035059140476335e+00,4.445508866657275071e+00,7.864533318832163111e-01,4.530244323059759992e+00
2.046000000000000085e+01,1.070794462754543153e+00,4.411988761860398789e+00,8.019750773050845494e-01,4.518890536761164256e+00
2.048000000000000043e+01,1.106306700977528035e+00,4.375060634382323066e+00,8.185436921167411617e-01,4.506189141618257565e+00
2.050000000000000000e+01,1.144896169330271274e+00,4.334345032010029186e+00,8.362649313446035571e-01,4.492013413323007853e+00
2.051999999999999957e+01,1.186932558892227485e+00,4.289410719061467425e+00,8.552582048453256647e-01,4.476220843921543846e+00
2.053999999999999915e+01,1.232837154061195761e+00,4.239767472714654595e+00,8.756585883012434346e-01,4.458650853858040719e+00
2.055999999999999872e+01,1.283089569057430213e+00,4.184858314637196486e+00,8.976191246514887423e-01,4.439122172377251374e+00
2.058000000000000185e+01,1.338234625441334202e+00,4.124051466872144189e+00,9.213134378256000456e-01,4.417429858355516714e+00
2.060000000000000142e+01,1.398888814179521933e+00,4.056632585625130183e+00,9.469386673445052693e-01,4.393341946425962874e+00
2.062000000000000099e+01,1.465745376912853004e+00,3.981798246608208913e+00,9.747187071252692014e-01,4.366595728233292562e+00
2.064000000000000057e+01,1.539576411153446234e+00,3.898652304829358428e+00,1.004907687673151750e+00,4.336893723028671488e+00
2.066000000000000014e+01,1.621229460555358548e+00,3.806207727204377278e+00,1.037793567438526798e+00,4.303899466297550269e+00
2.067999999999999972e+01,1.711614686894512571e+00,3.703397911654116026e+00,1.073701581757555479e+00,4.267233364981539268e+00
2.069999999999999929e+01,1.811676841963508977e+00,3.589103462847229586e+00,1.112997116672606257e+00,4.226469053794938091e+00
2.071999999999999886e+01,1.922343862749019250e+00,3.462202905222449001e+00,1.156087305648913599e+00,4.181130964811700323e+00
2.074000000000000199e+01,2.044441256433493503e+00,3.321658634282994349e+00,1.203420264681573038e+00,4.130694218761276737e+00
2.076000000000000156e+01,2.178559348508554816e+00,3.166651717079262962e+00,1.255480370873986562e+00,4.074588478248651668e+00
2.078000000000000114e+01,2.324860834458593484e+00,2.996779044159053385e+00,1.312777371586923092e+00,4.012208052676859538e+00
2.080000000000000071e+01,2.482822457775158309e+00,2.812320204153316627e+00,1.375826486081544342e+00,3.942931213848953842e+00
2.082000000000000028e+01,2.650922408278183262e+00,2.614563804494788535e+00,1.445116276979292902e+00,3.866152122568522032e+00
2.083999999999999986e+01,2.826319786150068847e+00,2.406147978457339409e+00,1.521061388710972961e+00,3.781328511577521034e+00
2.085999999999999943e+01,3.004624424179663134e+00,2.191316944704743808e+00,1.603938951372236632e+00,3.688046628163045515e+00
2.087999999999999901e+01,3.179908487019232677e+00,1.975940393381580895e+00,1.693811200439570674e+00,3.586101214143282867e+00
2.090000000000000213e+01,3.345122800231655535e+00,1.767127910428773374e+00,1.790442735593563039e+00,3.475582381201192117e+00
2.092000000000000171e+01,3.492990779203094753e+00,1.572357475452701214e+00,1.893227441147100842e+00,3.356954477873178355e+00
2.094000000000000128e+01,3.617237703224911893e+00,1.398250735846822357e+00,2.001144146998362405e+00,3.231107695497915433e+00
2.096000000000000085e+01,3.713764366073962986e+00,1.249379318933272920e+00,2.112757740284878061e+00,3.099365156181507874e+00
2.098000000000000043e+01,3.781293151722487700e+00,1.127575245963268857e+00,2.226272334878322212e+00,2.963438001687070500e+00
2.100000000000000000e+01,3.821235128816458548e+00,1.032007405834848512e+00,2.339629165339812467e+00,2.825334812774880078e+00
2.101999999999999957e+01,3.836920415743370061e+00,9.598974163316078556e-01,2.450631541467182650e+00,2.687242159961908960e+00
2.103999999999999915e+01,3.832598176747748386e+00,9.074812470123621022e-01,2.557077698195695525e+00,2.551394925874378217e+00
2.105999999999999872e+01,3.812586692863981774e+00,8.708407673611735511e-01,2.656888380480817435e+00,2.419949393335154575e+00
2.108000000000000185e+01,3.780747403106282878e+00,8.464283232615928965e-01,2.748223274701488084e+00,2.294865054617080791e+00
2.110000000000000142e+01,3.740265402017586727e+00,8.312953762881633013e-01,2.829583189468555471e+00,2.177798394131194026e+00
2.112000000000000099e+01,3.693633721004168979e+00,8.231217492612291631e-01,2.899891990581103141e+00,2.070014835529595310e+00
2.114000000000000057e+01,3.642738872525861371e+00,8.201439233194535161e-01,2.958547399254811250e+00,1.972330054791618048e+00
2.116000000000000014e+01,3.588978521159312152e+00,8.210494972354855925e-01,3.005428724688961495e+00,1.885093133884691685e+00
2.117999999999999972e+01,3.533375181985673130e+00,8.248732659859383531e-01,3.040856060344299117e+00,1.808217847845055237e+00
2.119999999999999929e+01,3.476671735517169903e+00,8.309092088147281840e-01,3.065507480241876692e+00,1.741256528804212333e+00
2.121999999999999886e+01,3.419406082813089220e+00,8.386414268084653179e-01,3.080311740808726384e+00,1.683499892445314394e+00
2.124000000000000199e+01,3.361967175964297727e+00,8.476922120009948713e-01,3.086337919448217004e+00,1.634081958658115230e+00
2.126000000000000156e+01,3.304636107456621730e+00,8.577839369893848209e-01,3.084699405022048424e+00,1.592072784688798315e+00
2.128000000000000114e+01,3.247615863834680816e+00,8.687114584621933311e-01,3.076481466930025110e+00,1.556549552725015051e+00
2.130000000000000071e+01,3.191052742652296992e+00,8.803222623678835790e-01,3.062693840948196744e+00,1.526644136264118767e+00
2.132000000000000028e+01,3.135051743890826526e+00,8.925022062763082742e-01,3.044244843155014646e+00,1.501570148924167736e+00
2.133999999999999986e+01,3.079687645517657391e+00,9.051652697716610074e-01,3.021931590625634101e+00,1.480634468946015581e+00
2.135999999999999943e+01,3.025012999310450645e+00,9.182461630685144760e-01,2.996440972137258463e+00,1.463238269303859918e+00
2.137999999999999901e+01,2.971063929611894583e+00,9.316949727808614412e-01,2.968357003730329069e+00,1.448871695715888919e+00
2.140000000000000213e+01,2.917864361478619273e+00,9.454732623218986554e-01,2.938171408345084501e+00,1.437105217026267479e+00
2.142000000000000171e+01,2.865429121993509742e+00,9.595512145774359736e-01,2.906295326358728559e+00,1.427579668521750111e+00
2.144000000000000128e+01,2.813766229348617198e+00,9.739055247824582873e-01,2.873070881796083498e+00,1.419996233657438545e+00
2.146000000000000085e+01,2.762878593328852439e+00,9.885178362152505782e-01,2.838781901657344342e+00,1.414107063623132099e+00
2.148000000000000043e+01,2.712765286778413554e+00,1.003373570899112277e+00,2.803663460599926438e+00,1.409706874507306029e+00
2.150000000000000000e+01,2.663422502467668984e+00,1.018461049474288282e+00,2.767910153910349003e+00,1.406625638611830542e+00
2.151999999999999957e+01,2.614844277831219976e+00,1.033770824061384097e+00,2.731683134175995065e+00,1.404722356732077460e+00
2.153999999999999915e+01,2.567023047357197552e+00,1.049295168978782167e+00,2.695116015872637938e+00,1.403879829358575915e+00
2.155999999999999872e+01,2.519950066214330153e+00,1.065027689174505854e+00,2.658319781470282805e+00,1.404000313819553369e+00
2.158000000000000185e+01,2.473615737085841815e+00,1.080963016978707447e+00,2.621386828842975802e+00,1.405001945959925447e+00
2.160000000000000142e+01,2.428009863798473056e+00,1.097096575524359352e+00,2.584394293189979486e+00,1.406815809081228830e+00
2.162000000000000099e+01,2.383121849254368652e+00,1.113424392792494277e+00,2.547406763830388332e+00,1.409383543325199106e+00
2.164000000000000057e+01,2.338940850736217048e+00,1.129942954325558802e+00,2.510478501009336227e+00,1.412655401721152337e+00
2.166000000000000014e+01,2.295455902398725545e+00,1.146649085648325794e+00,2.473655242468592697e+00,1.416588672575350039e+00
2.167999999999999972e+01,2.252656012354417925e+00,1.163539857644658948e+00,2.436975675160931942e+00,1.421146400597821158e+00
2.169999999999999929e+01,2.210530239975443845e+00,1.180612509776544528e+00,2.400472634666665162e+00,1.426296350585197770e+00
2.171999999999999886e+01,2.169067757698709631e+00,1.197864387253769758e+00,2.364174083772434543e+00,1.432010167411502000e+00
2.174000000000000199e+01,2.128257900619054066e+00,1.215292889179450997e+00,2.328103912261821229e+00,1.438262694527701502e+00
2.176000000000000156e+01,2.088090206397651638e+00,1.232895425388472299e+00,2.292282592105166383e+00,1.445031420244632603e+00
2.178000000000000114e+01,2.048554447437176407e+00,1.250669380220994276e+00,2.256727715738751971e+00,1.452296026928130424e+00
2.180000000000000071e+01,2.009640656835425698e+00,1.268612081874001429e+00,2.221454439797939440e+00,1.460038023038295663e+00
2.182000000000000028e+01,1.971339149291187587e+00,1.286720776281530920e+00,2.186475852330651115e+00,1.468240441859597345e+00
2.183999999999999986e+01,1.933640537875158216e+00,1.304992604711736615e+00,2.151803278000316233e+00,1.476887593943256194e+00
2.185999999999999943e+01,1.896535747376096870e+00,1.323424584453294806e+00,2.117446532945872484e+00,1.485964862848040635e+00
2.187999999999999901e+01,1.860016024774348242e+00,1.342013592107521580e+00,2.083414138676977334e+00,1.495458535831445612e+00
2.190000000000000213e+01,1.824072947270991341e+00,1.360756349115391561e+00,2.049713502541552046e+00,1.505355662803593786e+00
2.192000000000000171e+01,1.788698428203421287e+00,1.379649409237541757e+00,2.016351070824376368e+00,1.515643938188578899e+00
2.194000000000000128e+01,1.753884721101256927e+00,1.398689147775637576e+00,1.983332459349301802e+00,1.526311601405984764e+00
2.196000000000000085e+01,1.719624422075648695e+00,1.417871752379220807e+00,1.950662565506395385e+00,1.537347352540836987e+00
2.198000000000000043e+01,1.685910470686948548e+00,1.437193215326407980e+00,1.918345664862584732e+00,1.548740280455337404e+00
2.200000000000000000e+01,1.652736149397737053e+00,1.456649327201880562e+00,1.886385494902627080e+00,1.560479801144310397e+00
2.201999999999999957e+01,1.620095081688394556e+00,1.476235671923268322e+00,1.854785327956401719e+00,1.572555604575682775e+00
2.203999999999999915e+01,1.587981228889264518e+00,1.495947623088630385e+00,1.823548034974450838e+00,1.584957608609348423e+00
2.205999999999999872e+01,1.556388885765809915e+00,1.515780341634299866e+00,1.792676141497054232e+00,1.597675918870000489e+00
2.208000000000000185e+01,1.525312674880132224e+00,1.535728774804661301e+00,1.762171876907479451e+00,1.610700793675885700e+00
2.210000000000000142e+01,1.494747539743096931e+00,1.555787656444093781e+00,1.732037217855083133e+00,1.624022613307109619e+00
2.212000000000000099e+01,1.464688736765551891e+00,1.575951508626776798e+00,1.702273926568829587e+00,1.637631853042973873e+00
2.214000000000000057e+01,1.435131826014307777e+00,1.596214644642709901e+00,1.672883584648722000e+00,1.651519059514918730e+00
2.216000000000000014e+01,1.406072660778311390e+00,1.616571173358420044e+00,1.643867622815381901e+00,1.665674830015593688e+00
2.217999999999999972e+01,1.377507375952503610e+00,1.637015004968661591e+00,1.615227347011602088e+00,1.680089794479841636e+00
2.219999999999999929e+01,1.349432375250946281e+00,1.657539858151168888e+00,1.586963961180197558e+00,1.694754599913508741e+00
2.221999999999999886e+01,1.321844317266710922e+00,1.678139268630385317e+00,1.559078586986735182e+00,1.709659897093795067e+00
2.224000000000000199e+01,1.294740100403523053e+00,1.698806599148239060e+00,1.531572280711244627e+00,1.724796329402574324e+00
2.226000000000000156e+01,1.268116846713035928e+00,1.719535050830655720e+00,1.504446047497766337e+00,1.740154523683524523e+00
2.228000000000000114e+01,1.241971884681654981e+00,1.740317675927775865e+00,1.477700853123017355e+00,1.755725083036431489e+00
2.230000000000000071e+01,1.216302731021826400e+00,1.761147391893971292e+00,1.451337633424219398e+00,1.771498581478804679e+00
2.232000000000000028e+01,1.191107071534397877e+00,1.782016996760963146e+00,1.425357301510209895e+00,1.787465560416892751e+00
2.233999999999999986e+01,1.166382741120821853e+00,1.802919185743851127e+00,1.399760752868497882e+00,1.803616526876036241e+00
2.235999999999999943e+01,1.142127703036333486e+00,1.823846569005922902e+00,1.374548868473200569e+00,1.819941953444690785e+00
2.237999999999999901e+01,1.118340027487532362e+00,1.844791690493997383e+00,1.349722515994249639e+00,1.836432279887867391e+00
2.240000000000000213e+01,1.095017869689750123e+00,1.865747047742029041e+00,1.325282549206337146e+00,1.853077916384648027e+00
2.242000000000000171e+01,1.072159447510918628e+00,1.886705112527065520e+00,1.301229805696386244e+00,1.869869248341200718e+00
2.244000000000000128e+01,1.049763018839075635e+00,1.907658352248690070e+00,1.277565102970448230e+00,1.886796642725683260e+00
2.246000000000000085e+01,1.027826858819897327e+00,1.928599251891086830e+00,1.254289233064518116e+00,1.903850455864930957e+00
2.248000000000000043e+01,1.006349237118459694e+00,1.949520336416126653e+00,1.231402955768475360e+00,1.921021042635129961e+00
2.250000000000000000e+01,9.853283953655678218e-01,1.970414193426649474e+00,1.208906990577899299e+00,1.938298766970115938e+00
2.251999999999999957e+01,9.647625249532388869e-01,1.991273495931667137e+00,1.186802007494565103e+00,1.955674013601735428e+00
2.253999999999999915e+01,9.446497453461032423e-01,2.012091025039738135e+00,1.165088616802727017e+00,1.973137200937193025e+00
2.255999999999999872e+01,9.249880830754532157e-01,2.032859692403466312e+00,1.143767357954560193e+00,1.990678794968694820e+00
2.258000000000000185e+01,9.057754515803291273e-01,2.053572562237081289e+00,1.122838687704096561e+00,2.008289324101290241e+00
2.260000000000000142e+01,8.870096320553352287e-01,2.074222872730468570e+00,1.102302967634411157e+00,2.025959394775845190e+00
2.262000000000000099e+01,8.686882554578290172e-01,2.094804056686867977e+00,1.082160451227456965e+00,2.043679707755797992e+00
2.264000000000000057e+01,8.508087858177832974e-01,2.115309761217757156e+00,1.062411270629588289e+00,2.061441074938981100e+00
2.266000000000000014e+01,8.333685049820921398e-01,2.135733866337092834e+00,1.043055423268285820e+00,2.079234436549566301e+00
2.267999999999999972e+01,8.163644989115372841e-01,2.156070502308006009e+00,1.024092758476695897e+00,2.097050878560276388e+00
2.269999999999999929e+01,7.997936456332634947e-01,2.176314065608049297e+00,1.005522964282228315e+00,2.114881650191588136e+00
2.271999999999999886e+01,7.836526049346804745e-01,2.196459233393967203e+00,9.873455545134828260e-01,2.132718181332860841e+00
2.274000000000000199e+01,7.679378098665062824e-01,2.216500976363447784e+00,9.695598563761435029e-01,2.150552099730251854e+00
2.276000000000000156e+01,7.526454601035067471e-01,2.236434569929117266e+00,9.521649986431528490e-01,2.168375247788032034e+00
2.278000000000000114e+01,7.377715171917142989e-01,2.256255603638839702e+00,9.351599005974576828e-01,2.186179698833463192e+00
2.280000000000000071e+01,7.233117016908717778e-01,2.275959988795848155e+00,9.185432618569600027e-01,2.203957772700805062e+00
2.282000000000000028e+01,7.092614922009020662e-01,2.295543964252000357e+00,9.023135532010759796e-01,2.221702050497172287e+00
2.283999999999999986e+01,6.956161262416961089e-01,2.315004100367188400e+00,8.864690085066336822e-01,2.239405388421835230e+00
2.285999999999999943e+01,6.823706029367725412e-01,2.334337301147277888e+00,8.710076178878782827e-01,2.257060930520979891e+00
2.287999999999999901e+01,6.695196874337017157e-01,2.353540804591613078e+00,8.559271221212663150e-01,2.274662120271798482e+00
2.290000000000000213e+01,6.570579169778776318e-01,2.372612181298763279e+00,8.412250084207522072e-01,2.292202710902870866e+00
2.292000000000000171e+01,6.449796085415039348e-01,2.391549331395579348e+00,8.268985076136010637e-01,2.309676774371906660e+00
2.294000000000000128e+01,6.332788678967327112e-01,2.410350479869520335e+00,8.129445927506664393e-01,2.327078708936838325e+00
2.296000000000000085e+01,6.219496000109077105e-01,2.429014170397410854e+00,7.993599791687772127e-01,2.344403245271722280e+00
2.298000000000000043e+01,6.109855206329195543e-01,2.447539257775180666e+00,7.861411260066648587e-01,2.361645451094693815e+00
2.300000000000000000e+01,6.003801689328412960e-01,2.465924899062600595e+00,7.732842391599517029e-01,2.378800734291046215e+00
2.301999999999999957e+01,5.901269210522854802e-01,2.484170543564499845e+00,7.607852756453772347e-01,2.395864844530160465e+00
2.303999999999999915e+01,5.802190044202774066e-01,2.502275921775462209e+00,7.486399493298661056e-01,2.412833873390223260e+00
2.305999999999999872e+01,5.706495126888033731e-01,2.520241033418530563e+00,7.368437379664610765e-01,2.429704253019226101e+00
2.308000000000000185e+01,5.614114211434548807e-01,2.538066134710103228e+00,7.253918914667214501e-01,2.446472753374454800e+00
2.310000000000000142e+01,5.524976024476154768e-01,2.555751724983073458e+00,7.142794413280886268e-01,2.463136478095346416e+00
2.312000000000000099e+01,5.439008425832623228e-01,2.573298532798474092e+00,7.035012111250549260e-01,2.479692859076062739e+00
2.314000000000000057e+01,5.356138568574919656e-01,2.590707501672579127e+00,6.930518279648388846e-01,2.496139649814318684e+00
2.316000000000000014e+01,5.276293058511428713e-01,2.607979775541778178e+00,6.829257348017290230e-01,2.512474917621751125e+00
2.317999999999999972e+01,5.199398111941638811e-01,2.625116684081734153e+00,6.731172034993213593e-01,2.528697034788425668e+00
2.319999999999999929e+01,5.125379710614659245e-01,2.642119727990548839e+00,6.636203485265612656e-01,2.544804668799869773e+00
2.321999999999999886e+01,5.054163752926943420e-01,2.658990564338091112e+00,6.544291411717482188e-01,2.560796771709322073e+00
2.324000000000000199e+01,4.985676200494680299e-01,2.675730992075463721e+00,6.455374241584340700e-01,2.576672568770708160e+00
2.326000000000000156e+01,4.919843219339715690e-01,2.692342937789971025e+00,6.369389265483408336e-01,2.592431546439247114e+00
2.328000000000000114e+01,4.856591315031800193e-01,2.708828441782082930e+00,6.286272788189495309e-01,2.608073439846634312e+00
2.330000000000000071e+01,4.795847461232909392e-01,2.725189644531908595e+00,6.205960280071366464e-01,2.623598219856525304e+00
2.332000000000000028e+01,4.737539221189934202e-01,2.741428773613740155e+00,6.128386528150349122e-01,2.639006079803656757e+00
2.333999999999999986e+01,4.681594861819021181e-01,2.757548131108451539e+00,6.053485785800170049e-01,2.654297422016546726e+00
2.335999999999999943e+01,4.627943460117227015e-01,2.773550081554992719e+00,5.981191920172082011e-01,2.669472844219362262e+00
2.337999999999999901e+01,4.576515001724104637e-01,2.789437040474070706e+00,5.911438556500644426e-01,2.684533125903461048e+00
2.340000000000000213e+01,4.527240471536760347e-01,2.805211463489357016e+00,5.844159218521676191e-01,2.699479214753357947e+00
2.342000000000000171e+01,4.480051936356286846e-01,2.820875836064330677e+00,5.779287464313406231e-01,2.714312213205615443e+00
2.344000000000000128e+01,4.434882619611036358e-01,2.836432663866143233e+00,5.716757016953346593e-01,2.729033365212512052e+00
2.346000000000000085e+01,4.391666968262739612e-01,2.851884463761750865e+00,5.656501889465628263e-01,2.743644043275462518e+00
2.348000000000000043e+01,4.350340712055013603e-01,2.867233755445997900e+00,5.598456503615292235e-01,2.758145735806130538e+00
2.350000000000000000e+01,4.310840915310377719e-01,2.882483053696351494e+00,5.542555802186245328e-01,2.772540034866100900e+00
2.351999999999999957e+01,4.273106021521746456e-01,2.897634861244593907e+00,5.488735354457358051e-01,2.786828624328995474e+00
2.353999999999999915e+01,4.237075891017688667e-01,2.912691662251956082e+00,5.436931454665711039e-01,2.801013268502058562e+00
2.355999999999999872e+01,4.202691832007935391e-01,2.927655916370896172e+00,5.387081213316533557e-01,2.815095801237617934e+00
2.358000000000000185e+01,4.169896625337004004e-01,2.942530053373973331e+00,5.339122641265530156e-01,2.829078115558496531e+00
2.360000000000000142e+01,4.138634543289844703e-01,2.957316468328015091e+00,5.292994726560483754e-01,2.842962153815450144e+00
2.362000000000000099e+01,4.108851362804518126e-01,2.972017517289967881e+00,5.248637504085107430e-01,2.856749898389100650e+00
2.364000000000000057e+01,4.080494373453553703e-01,2.986635513499455108e+00,5.205992118098767829e-01,2.870443362943627008e+00
2.366000000000000014e+01,4.053512380558275119e-01,3.001172724042076023e+00,5.165000877810965729e-01,2.884044584234705333e+00
2.367999999999999972e+01,4.027855703799444465e-01,3.015631366956842641e+00,5.125607306169234212e-01,2.897555614469868424e+00
2.369999999999999929e+01,4.003476171683545970e-01,3.030013608760833588e+00,5.087756182073563949e-01,2.910978514215567969e+00
2.371999999999999886e+01,3.980327112217302288e-01,3.044321562364090905e+00,5.051393576259685103e-01,2.924315345841802305e+00
2.374000000000000199e+01,3.958363340134002928e-01,3.058557285347986099e+00,5.016466881117768173e-01,2.937568167492153215e+00
2.376000000000000156e+01,3.937541141004315959e-01,3.072722778580686764e+00,4.982924834732582742e-01,2.950739027564519112e+00
2.378000000000000114e+01,3.917818252551773517e-01,3.086819985143932410e+00,4.950717539446212179e-01,2.963829959685646998e+00
2.380000000000000071e+01,3.899153843479433168e-01,3.100850789546063080e+00,4.919796475255283630e-01,2.976842978160771480e+00
2.382000000000000028e+01,3.881508490099577213e-01,3.114817017197089921e+00,4.890114508361805834e-01,2.989780073878240074e+00
2.383999999999999986e+01,3.864844151043006493e-01,3.128720434122547633e+00,4.861625895200333280e-01,3.002643210647895522e+00
2.385999999999999943e+01,3.849124140308751718e-01,3.142562746893887038e+00,4.834286282264699253e-01,3.015434321951186991e+00
2.387999999999999901e+01,3.834313098899057026e-01,3.156345602754238922e+00,4.808052702055366501e-01,3.028155308080455299e+00
2.390000000000000213e+01,3.820376965268489911e-01,3.170070589919497639e+00,4.782883565463755260e-01,3.040808033644571751e+00
2.392000000000000171e+01,3.807282944800134405e-01,3.183739238035796060e+00,4.758738650903197032e-01,3.053394325418049782e+00
2.394000000000000128e+01,3.794999478506193014e-01,3.197353018775590083e+00,4.735579090487603282e-01,3.065915970510887156e+00
2.396000000000000085e+01,3.783496211135033427e-01,3.210913346555693604e+00,4.713367353548928440e-01,3.078374714836724202e+00
2.398000000000000043e+01,3.772743958851890178e-01,3.224421579361737678e+00,4.692067227773260019e-01,3.090772261857345882e+00
2.400000000000000000e+01,3.762714676646135015e-01,3.237879019664609448e+00,4.671643798223160671e-01,3.103110271582143920e+00
2.401999999999999957e+01,3.753381425604312982e-01,3.251286915415499301e+00,4.652063424500947342e-01,3.115390359801839981e+00
2.403999999999999915e+01,3.744718340175053894e-01,3.264646461107216791e+00,4.633293716294132336e-01,3.127614097536531190e+00
2.406000000000000227e+01,3.736700595539547698e-01,3.277958798890417302e+00,4.615303507530455485e-01,3.139783010678953268e+00
2.408000000000000185e+01,3.729304375189521625e-01,3.291225019734340673e+00,4.598062829355982206e-01,3.151898579814736312e+00
2.410000000000000142e+01,3.722506838803604778e-01,3.304446164622553361e+00,4.581542882135752337e-01,3.163962240202335963e+00
2.412000000000000099e+01,3.716286090502596839e-01,3.317623225775046869e+00,4.565716006662609572e-01,3.175975381896262384e+00
2.414000000000000057e+01,3.710621147554479249e-01,3.330757147888853353e+00,4.550555654746190615e-01,3.187939349998170524e+00
2.416000000000000014e+01,3.705491909590998278e-01,3.343848829390092536e+00,4.536036359340713808e-01,3.199855445021322353e+00
2.417999999999999972e+01,3.700879128389306105e-01,3.356899123691079900e+00,4.522133704357271800e-01,3.211724923354865702e+00
2.419999999999999929e+01,3.696764378264426054e-01,3.369908840446789178e+00,4.508824294293838908e-01,3.223548997815290029e+00
2.421999999999999886e+01,3.693130027111220515e-01,3.382878746805580761e+00,4.496085723804205125e-01,3.235328838273330732e+00
2.424000000000000199e+01,3.689959208128025803e-01,3.395809568649677868e+00,4.483896547315623371e-01,3.247065572345452011e+00
2.426000000000000156e+01,3.687235792248171884e-01,3.408701991821406985e+00,4.472236248794047020e-01,3.258760286139885665e+00
2.428000000000000114e+01,3.684944361300191429e-01,3.421556663331708492e+00,4.461085211745563495e-01,3.270414025048018480e+00
2.430000000000000071e+01,3.683070181912610486e-01,3.434374192547866134e+00,4.450424689532909706e-01,3.282027794572675461e+00
2.432000000000000028e+01,3.681599180174779939e-01,3.447155152357824104e+00,4.440236776076861291e-01,3.293602561185599242e+00
2.433999999999999986e+01,3.680517917061206234e-01,3.459900080308831782e+00,4.430504377003781635e-01,3.305139253207108219e+00
2.435999999999999943e+01,3.679813564623278244e-01,3.472609479718502090e+00,4.421211181292671322e-01,3.316638761701575344e+00
2.437999999999999901e+01,3.679473882949081953e-01,3.485283820756674977e+00,4.412341633467735669e-01,3.328101941382995754e+00
2.440000000000000213e+01,3.679487197889180772e-01,3.497923541496767097e+00,4.403880906375667870e-01,3.339529611525474007e+00
2.442000000000000171e+01,3.679842379543735720e-01,3.510529048935533414e+00,4.395814874580600828e-01,3.350922556874014191e+00
2.444000000000000128e+01,3.680528821504155390e-01,3.523100719980404083e+00,4.388130088403935924e-01,3.362281528551488652e+00
2.446000000000000085e+01,3.681536420840565982e-01,3.535638902403754891e+00,4.380813748630997262e-01,3.373607244958141571e+00
2.448000000000000043e+01,3.682855558824739695e-01,3.548143915763656508e+00,4.373853681901704316e-01,3.384900392660394441e+00
2.450000000000000000e+01,3.684477082376725332e-01,3.560616052290808575e+00,4.367238316798083275e-01,3.396161627266135241e+00
2.451999999999999957e+01,3.686392286222232584e-01,3.573055577741504507e+00,4.360956660637554938e-01,3.407391574284026170e+00
2.453999999999999915e+01,3.688592895746833911e-01,3.585462732216599946e+00,4.354998276977394833e-01,3.418590829964712086e+00
2.456000000000000227e+01,3.691071050532240827e-01,3.597837730946565671e+00,4.349353263832601568e-01,3.429759962122103101e+00
2.458000000000000185e+01,3.693819288559264113e-01,3.610180765042799056e+00,4.344012232606621615e-01,3.440899510933189021e+00
2.460000000000000142e+01,3.696830531061572889e-01,3.622492002215449425e+00,4.338966287731857996e-01,3.452009989715103977e+00
2.462000000000000099e+01,3.700098068013999986e-01,3.634771587458083708e+00,4.334207007014719837e-01,3.463091885678372783e+00
2.464000000000000057e+01,3.703615544238893498e-01,3.647019643699566327e+00,4.329726422678041309e-01,3.474145660655485024e+00
2.466000000000000014e+01,3.707376946113882243e-01,3.659236272423589842e+00,4.325517003092028689e-01,3.485171751804131191e+00
2.467999999999999972e+01,3.711376588864365722e-01,3.671421554256313780e+00,4.321571635183470983e-01,3.496170572284590605e+00
2.469999999999999929e+01,3.715609104424095199e-01,3.683575549522612125e+00,4.317883607511710520e-01,3.507142511910910976e+00
2.471999999999999886e+01,3.720069429847314146e-01,3.695698298771441959e+00,4.314446593998862989e-01,3.518087937775661089e+00
2.474000000000000199e+01,3.724752796256113330e-01,3.707789823270867480e+00,4.311254638300915376e-01,3.529007194848127860e+00
2.476000000000000156e+01,3.729654718306898431e-01,3.719850125473276758e+00,4.308302138805643056e-01,3.539900606545959949e+00
2.478000000000000114e+01,3.734770984160148410e-01,3.731879189451337897e+00,4.305583834242754371e-01,3.550768475280321468e+00
2.480000000000000071e+01,3.740097645937990323e-01,3.743876981305233276e+00,4.303094789891240834e-01,3.561611082974707188e+00
2.482000000000000028e+01,3.745631010654473236e-01,3.755843449541708789e+00,4.300830384368640735e-01,3.572428691557635094e+00
2.483999999999999986e+01,3.751367631603848007e-01,3.767778525425462544e+00,4.298786296986730759e-01,3.583221543429483624e+00
2.485999999999999943e+01,3.757304300192574331e-01,3.779682123303382379e+00,4.296958495658058652e-01,3.593989861903778671e+00
2.487999999999999901e+01,3.763438038201251112e-01,3.791554140902129610e+00,4.295343225337741599e-01,3.604733851623293184e+00
2.490000000000000213e+01,3.769766090463133046e-01,3.803394459599538813e+00,4.293936996985010524e-01,3.615453698951324402e+00
2.492000000000000171e+01,3.776285917946394788e-01,3.815202944670286200e+00,4.292736577029129252e-01,3.626149572338554172e+00
2.494000000000000128e+01,3.782995191227820353e-01,3.826979445506250688e+00,4.291738977324500715e-01,3.636821622665908471e+00
2.496000000000000085e+01,3.789891784346103298e-01,3.838723795811966877e+00,4.290941445580022662e-01,3.647469983563845108e+00
2.498000000000000043e+01,3.796973769023481715e-01,3.850435813775536786e+00,4.290341456248046303e-01,3.658094771708494175e+00
2.500000000000000000e+01,3.804239409244974390e-01,3.862115302215340495e+00,4.289936701858625412e-01,3.668696087095089098e+00
2.501999999999999957e+01,3.811687156185015191e-01,3.873762048702846350e+00,4.289725084785094844e-01,3.679274013289115075e+00
2.503999999999999915e+01,3.819315643471841160e-01,3.885375825661793847e+00,4.289704709427426543e-01,3.689828617655595888e+00
2.506000000000000227e+01,3.827123682780545488e-01,3.896956390443979679e+00,4.289873874800200770e-01,3.700359951566929428e+00
2.508000000000000185e+01,3.835110259746248862e-01,3.908503485381848108e+00,4.290231067512501606e-01,3.710868050589668510e+00
2.510000000000000142e+01,3.843274530189414451e-01,3.920016837818038891e+00,4.290774955127465984e-01,3.721352934650627109e+00
2.512000000000000099e+01,3.851615816645886925e-01,3.931496160112012639e+00,4.291504379889709009e-01,3.731814608182677073e+00
2.514000000000000057e+01,3.860133605194792650e-01,3.942941149623830466e+00,4.292418352809316273e-01,3.742253060250568808e+00
2.516000000000000014e+01,3.868827542578015533e-01,3.954351488675118542e+00,4.293516048091577941e-01,3.752668264657093911e+00
2.517999999999999972e+01,3.877697433605518662e-01,3.965726844487212244e+00,4.294796797902152852e-01,3.763060180029889512e+00
2.519999999999999929e+01,3.886743238841354753e-01,3.977066869096417712e+00,4.296260087457840493e-01,3.773428749889138789e+00
2.521999999999999886e+01,3.895965072565784060e-01,3.988371199246292242e+00,4.297905550433644972e-01,3.783773902696407454e+00
2.524000000000000199e+01,3.905363201009492968e-01,3.999639456256789849e+00,4.299732964677336344e-01,3.794095551884823614e+00
2.526000000000000156e+01,3.914938040856487111e-01,4.010871245870071711e+00,4.301742248223215936e-01,3.804393595870777744e+00
2.528000000000000114e+01,3.924690158012820729e-01,4.022066158072725273e+00,4.303933455597321323e-01,3.814667918047277340e+00
2.530000000000000071e+01,3.934620266638921837e-01,4.033223766894089124e+00,4.306306774406802873e-01,3.824918386759073918e+00
2.532000000000000028e+01,3.944729228443868974e-01,4.044343630180316396e+00,4.308862522206745038e-01,3.835144855259623675e+00
2.533999999999999986e+01,3.955018052240589221e-01,4.055425289343756567e+00,4.311601143638205125e-01,3.845347161649932399e+00
2.535999999999999943e+01,3.965487893761575622e-01,4.066468269087176957e+00,4.314523207831781337e-01,3.855525128799263346e+00
2.537999999999999901e+01,3.976140055735348788e-01,4.077472077102276771e+00,4.317629406071519238e-01,3.865678564247686744e+00
2.540000000000000213e+01,3.986975988224543688e-01,4.088436203741886210e+00,4.320920549714519221e-01,3.875807260090375905e+00
2.542000000000000171e+01,3.997997289227172013e-01,4.099360121665174717e+00,4.324397568362107758e-01,3.885910992843525147e+00
2.544000000000000128e+01,4.009205705543286702e-01,4.110243285455108975e+00,4.328061508278984171e-01,3.895989523291733647e+00
2.546000000000000085e+01,4.020603133909996241e-01,4.121085131207351537e+00,4.331913531057280942e-01,3.906042596316631865e+00
2.548000000000000043e+01,4.032191622408494713e-01,4.131885076089681696e+00,4.335954912523000138e-01,3.916069940706490282e+00
2.550000000000000000e+01,4.043973372147542378e-01,4.142642517870959828e+00,4.340187041882879182e-01,3.926071268946514259e+00
2.551999999999999957e+01,4.055950739228612045e-01,4.153356834418557852e+00,4.344611421110223803e-01,3.936046276989451087e+00
2.553999999999999915e+01,4.068126236998740874e-01,4.164027383163087848e+00,4.349229664568872167e-01,3.945994644006113550e+00
2.556000000000000227e+01,4.080502538597982620e-01,4.174653500529165839e+00,4.354043498874989315e-01,3.955916032115337710e+00
2.558000000000000185e+01,4.093082479809258545e-01,4.185234501330842072e+00,4.359054762996975585e-01,3.965810086092868669e+00
2.560000000000000142e+01,4.105869062219338339e-01,4.195769678130215397e+00,4.364265408594396600e-01,3.975676433058578318e+00
2.562000000000000099e+01,4.118865456700684935e-01,4.206258300557641938e+00,4.369677500597416442e-01,3.985514682141380050e+00
2.564000000000000057e+01,4.132075007224932928e-01,4.216699614591815859e+00,4.375293218028883380e-01,3.995324424121119655e+00
2.566000000000000014e+01,4.145501235019884434e-01,4.227092841797871259e+00,4.381114855071847614e-01,4.005105231046670156e+00
2.567999999999999972e+01,4.159147843083068063e-01,4.237437178521513026e+00,4.387144822385972698e-01,4.014856655829371235e+00
2.569999999999999929e+01,4.173018721066152903e-01,4.247731795037038793e+00,4.393385648676992883e-01,4.024578231810893136e+00
2.571999999999999886e+01,4.187117950545831135e-01,4.257975834646938296e+00,4.399839982524116344e-01,4.034269472304502280e+00
2.574000000000000199e+01,4.201449810698181242e-01,4.268168412730611649e+00,4.406510594471014786e-01,4.043929870108643243e+00
2.576000000000000156e+01,4.216018784395028640e-01,4.278308615739530474e+00,4.413400379386839267e-01,4.053558896991642513e+00
2.578000000000000114e+01,4.230829564742423221e-01,4.288395500136000571e+00,4.420512359104548095e-01,4.063156003146260353e+00
2.580000000000000071e+01,4.245887062083059660e-01,4.298428091272452178e+00,4.427849685344695252e-01,4.072720616612695466e+00
2.582000000000000028e+01,4.261196411486314894e-01,4.308405382207960876e+00,4.435415642933758784e-01,4.082252142668552963e+00
2.583999999999999986e+01,4.276762980751536714e-01,4.318326332458465977e+00,4.443213653327065527e-01,4.091749963184172501e+00
2.585999999999999943e+01,4.292592378952347354e-01,4.328189866676881437e+00,4.451247278447403866e-01,4.101213435941571284e+00
2.587999999999999901e+01,4.308690465551994198e-01,4.337994873259011896e+00,4.459520224851511450e-01,4.110641893915146561e+00
2.590000000000000213e+01,4.325063360122249345e-01,4.347740202870882698e+00,4.468036348237786060e-01,4.120034644512125865e+00
2.592000000000000171e+01,4.341717452700998847e-01,4.357424666892763199e+00,4.476799658309832397e-01,4.129390968770616510e+00
2.594000000000000128e+01,4.358659414826526191e-01,4.367047035774808350e+00,4.485814324011752618e-01,4.138710120512917534e+00
2.596000000000000085e+01,4.375896211289593274e-01,4.376606037298848229e+00,4.495084679152533957e-01,4.147991325451624967e+00
2.598000000000000043e+01,4.393435112647768315e-01,4.386100354740451124e+00,4.504615228438393348e-01,4.157233780245830346e+00
2.600000000000000000e+01,4.411283708550072236e-01,4.395528624924924799e+00,4.514410653933569884e-01,4.166436651504546340e+00
2.601999999999999957e+01,4.429449921923959699e-01,4.404889436170435602e+00,4.524475821971810086e-01,4.175599074734253513e+00
2.603999999999999915e+01,4.447942024080918100e-01,4.414181326110892201e+00,4.534815790542664482e-01,4.184720153227245554e+00
2.606000000000000227e+01,4.466768650801606344e-01,4.423402779390661621e+00,4.545435817178750670e-01,4.193798956887193619e+00
2.608000000000000185e+01,4.485938819466518956e-01,4.432552225222567088e+00,4.556341367372334084e-01,4.202834520988073308e+00
2.610000000000000142e+01,4.505461947303644465e-01,4.441628034799921743e+00,4.567538123551912466e-01,4.211825844862311818e+00
2.612000000000000099e+01,4.525347870830591090e-01,4.450628518552619539e+00,4.579031994652079107e-01,4.220771890513701941e+00
2.614000000000000057e+01,4.545606866575192528e-01,4.459551923236498183e+00,4.590829126312681030e-01,4.229671581150268089e+00
2.616000000000000014e+01,4.566249673165742595e-01,4.468396428844292778e+00,4.602935911746302011e-01,4.238523799631913391e+00
2.617999999999999972e+01,4.587287514889813456e-01,4.477160145325553842e+00,4.615359003316351072e-01,4.247327386827270956e+00
2.619999999999999929e+01,4.608732126829157560e-01,4.485841109101840196e+00,4.628105324871563120e-01,4.256081139873740149e+00
2.621999999999999886e+01,4.630595781687535939e-01,4.494437279362344384e+00,4.641182084886574244e-01,4.264783810334211722e+00
2.624000000000000199e+01,4.652891318438576729e-01,4.502946534123865696e+00,4.654596790462416367e-01,4.273434102243477639e+00
2.626000000000000156e+01,4.675632172932004393e-01,4.511366666037646134e+00,4.668357262245331207e-01,4.282030670036749420e+00
2.628000000000000114e+01,4.698832410608942967e-01,4.519695377924088042e+00,4.682471650327280077e-01,4.290572116352093346e+00
2.630000000000000071e+01,4.722506761490565808e-01,4.527930278014707710e+00,4.696948451196962804e-01,4.299056989697930931e+00
2.632000000000000028e+01,4.746670657619319056e-01,4.536068874878851354e+00,4.711796525816095427e-01,4.307483781976012338e+00
2.633999999999999986e+01,4.771340273148390598e-01,4.544108572010705949e+00,4.727025118902184464e-01,4.315850925849476383e+00
2.635999999999999943e+01,4.796532567293262939e-01,4.552046662049922254e+00,4.742643879506170945e-01,4.324156791944736788e+00
2.637999999999999901e+01,4.822265330379202908e-01,4.559880320606741755e+00,4.758662882981097852e-01,4.332399685874976036e+00
2.640000000000000213e+01,4.848557233240685105e-01,4.567606599659835176e+00,4.775092654446534968e-01,4.340577845071981855e+00
2.642000000000000171e+01,4.875427880253217494e-01,4.575222420492100817e+00,4.791944193862895940e-01,4.348689435411914772e+00
2.644000000000000128e+01,4.902897866305144792e-01,4.582724566126401555e+00,4.809229002840120781e-01,4.356732547619317941e+00
2.646000000000000085e+01,4.930988838047041800e-01,4.590109673219601838e+00,4.826959113316605654e-01,4.364705193432323327e+00
2.648000000000000043e+01,4.959723559789649405e-01,4.597374223369246948e+00,4.845147118256791785e-01,4.372605301510444242e+00
2.650000000000000000e+01,4.989125984458322449e-01,4.604514533782800179e+00,4.863806204529684263e-01,4.380430713064694892e+00
2.651999999999999957e+01,5.019221330053156294e-01,4.611526747254400149e+00,4.882950188145858683e-01,4.388179177187907065e+00
2.653999999999999915e+01,5.050036162109782234e-01,4.618406821388631123e+00,4.902593552047426195e-01,4.395848345861084638e+00
2.656000000000000227e+01,5.081598482706962683e-01,4.625150517004693818e+00,4.922751486664118659e-01,4.403435768609343270e+00
2.658000000000000185e+01,5.113937826624113114e-01,4.631753385647565224e+00,4.943439933469408465e-01,4.410938886778541956e+00
2.660000000000000142e+01,5.147085365315646754e-01,4.638210756125163314e+00,4.964675631793561417e-01,4.418355027400886037e+00
2.662000000000000099e+01,5.181074019440310430e-01,4.644517719982065529e+00,4.986476169176047302e-01,4.425681396614749019e+00
2.664000000000000057e+01,5.215938580763560539e-01,4.650669115810860177e+00,5.008860035568146740e-01,4.432915072600559725e+00
2.666000000000000014e+01,5.251715844340592021e-01,4.656659512291629888e+00,5.031846681728170401e-01,4.440052997990793671e+00
2.667999999999999972e+01,5.288444751988241599e-01,4.662483189838184217e+00,5.055456582186935721e-01,4.447091971707931357e+00
2.669999999999999929e+01,5.326166548167117210e-01,4.668134120716319835e+00,5.079711303200452610e-01,4.454028640179540588e+00
2.671999999999999886e+01,5.364924949522679176e-01,4.673605947484429812e+00,5.104633576150653385e-01,4.460859487874421880e+00
2.674000000000000199e+01,5.404766329477653786e-01,4.678891959589886795e+00,5.130247376904123469e-01,4.467580827097932250e+00
2.676000000000000156e+01,5.445739919430359066e-01,4.683985067935661384e+00,5.156578011693800923e-01,4.474188786978062105e+00
2.678000000000000114e+01,5.487898028296928077e-01,4.688877777210143982e+00,5.183652210150297979e-01,4.480679301566563133e+00
2.680000000000000071e+01,5.531296282343138859e-01,4.693562155748929321e+00,5.211498226178786775e-01,4.487048096971216538e+00
2.682000000000000028e+01,5.575993887487094014e-01,4.698029802669847932e+00,5.240145947455320252e-01,4.493290677426168500e+00
2.683999999999999986e+01,5.622053916521558836e-01,4.702271811991427519e+00,5.269627014404167920e-01,4.499402310196920496e+00
2.685999999999999943e+01,5.669543624009116822e-01,4.706278733409628323e+00,5.299974949616752529e-01,4.505378009204945577e+00
2.687999999999999901e+01,5.718534791950022900e-01,4.710040529367519824e+00,5.331225298784494360e-01,4.511212517243789577e+00
2.690000000000000213e+01,5.769104109718324880e-01,4.713546528006789416e+00,5.363415784344275350e-01,4.516900286643746654e+00
2.692000000000000171e+01,5.821333592214025243e-01,4.716785371537782545e+00,5.396586473178430765e-01,4.522435458225455562e+00
2.694000000000000128e+01,5.875311040696744591e-01,4.719744959505082882e+00,5.430779959873585083e-01,4.527811838363825281e+00
2.696000000000000085e+01,5.931130551359952152e-01,4.722412386357368597e+00,5.466041567227208908e-01,4.533022873962247346e+00
2.698000000000000043e+01,5.988893077386627795e-01,4.724773872651980788e+00,5.502419565900793508e-01,4.538061625112623787e+00
2.700000000000000000e+01,6.048707051011634750e-01,4.726814689134706704e+00,5.539965415357929190e-01,4.542920735189015957e+00
2.701999999999999957e+01,6.110689073020058037e-01,4.728519072831841363e+00,5.578734028498870678e-01,4.547592398091055976e+00
2.703999999999999915e+01,6.174964678154384323e-01,4.729870134172368346e+00,5.618784062715712624e-01,4.552068322317194493e+00
2.706000000000000227e+01,6.241669186110244683e-01,4.730849754020473696e+00,5.660178240450322029e-01,4.556339691506544831e+00
2.708000000000000185e+01,6.310948649198467875e-01,4.731438469339431130e+00,5.702983702747939088e-01,4.560397121040816515e+00
2.710000000000000142e+01,6.382960909373561753e-01,4.731615346023525071e+00,5.747272399771553575e-01,4.564230610243567909e+00
2.712000000000000099e+01,6.457876779214585250e-01,4.731357837220675933e+00,5.793121522785797950e-01,4.567829489651661135e+00
2.714000000000000057e+01,6.535881363640371200e-01,4.730641625219668356e+00,5.840613982746147848e-01,4.571182362761996743e+00
2.716000000000000014e+01,6.617175541702478014e-01,4.729440444686177081e+00,5.889838941353763291e-01,4.574277041573802549e+00
2.717999999999999972e+01,6.701977630791844387e-01,4.727725884693835923e+00,5.940892401274946444e-01,4.577100475151044456e+00
2.719999999999999929e+01,6.790525259097240918e-01,4.725467166601712954e+00,5.993877863196619415e-01,4.579638670318770366e+00
2.721999999999999886e+01,6.883077476258215865e-01,4.722630894367420673e+00,6.048907058518814273e-01,4.581876603478723275e+00
2.724000000000000199e+01,6.979917136973169400e-01,4.719180773343408575e+00,6.106100767799573781e-01,4.583798122380339457e+00
2.726000000000000156e+01,7.081353597986085324e-01,4.715077292968170575e+00,6.165589736599759174e-01,4.585385836509572322e+00
2.728000000000000114e+01,7.187725775539571815e-01,4.710277368016849486e+00,6.227515702164170275e-01,4.586620994555499209e+00
2.730000000000000071e+01,7.299405618232454040e-01,4.704733932196481838e+00,6.292032546467482002e-01,4.587483347178267223e+00
2.732000000000000028e+01,7.416802059475969822e-01,4.698395476835665718e+00,6.359307593604068831e-01,4.587950993025389224e+00
2.733999999999999986e+01,7.540365524660701535e-01,4.691205526198240605e+00,6.429523072375401549e-01,4.588000205619471750e+00
2.735999999999999943e+01,7.670593081027293758e-01,4.683102039512260006e+00,6.502877768305231898e-01,4.587605238360493942e+00
2.737999999999999901e+01,7.808034333425306617e-01,4.674016728110403918e+00,6.579588893283522255e-01,4.586738104439443298e+00
2.740000000000000213e+01,7.953298187043584822e-01,4.663874274081725169e+00,6.659894205714019799e-01,4.585368327935398725e+00
2.742000000000000171e+01,8.107060619247576927e-01,4.652591434487239219e+00,6.744054419545809642e-01,4.583462661750742129e+00
2.744000000000000128e+01,8.270073627349289191e-01,4.640076012438572484e+00,6.832355947056049095e-01,4.580984767312292760e+00
2.746000000000000085e+01,8.443175547969203887e-01,4.626225673121882487e+00,6.925114027893406465e-01,4.577894850110503455e+00
2.748000000000000043e+01,8.627302977112183413e-01,4.610926579111645829e+00,7.022676305888597703e-01,4.574149244142021509e+00
2.750000000000000000e+01,8.823504558565667955e-01,4.594051815012073270e+00,7.125426925714098969e-01,4.569699937137675860e+00
2.751999999999999957e+01,9.032956951918356125e-01,4.575459566559673341e+00,7.233791233875034310e-01,4.564494027070568727e+00
2.753999999999999915e+01,9.256983340149922412e-01,4.554991013832680125e+00,7.348241182995469689e-01,4.558473098817667157e+00
2.756000000000000227e+01,9.497074889357189909e-01,4.532467892231653472e+00,7.469301555180357655e-01,4.551572507963712155e+00
2.758000000000000185e+01,9.754915627455835736e-01,4.507689668643074299e+00,7.597557139595191300e-01,4.543720556562176327e+00
2.760000000000000142e+01,1.003241126015309570e+00,4.480430274118436529e+00,7.733661021425571880e-01,4.534837543187768993e+00
2.762000000000000099e+01,1.033172248310549435e+00,4.450434329302890291e+00,7.878344163972218483e-01,4.524834666831355712e+00
2.764000000000000057e+01,1.065530336524082688e+00,4.417412796123145746e+00,8.032426492357596093e-01,4.513612761140005425e+00
2.766000000000000014e+01,1.100594534698175364e+00,4.381037991218571293e+00,8.196829715099358538e-01,4.501060832294163205e+00
2.767999999999999972e+01,1.138682728161644286e+00,4.340937907061139356e+00,8.372592146533077706e-01,4.487054370648619894e+00
2.769999999999999929e+01,1.180157168933677170e+00,4.296689811725873831e+00,8.560885814932075455e-01,4.471453403526005843e+00
2.771999999999999886e+01,1.225430689869233758e+00,4.247813147411643619e+00,8.763036151640015703e-01,4.454100254902696676e+00
2.774000000000000199e+01,1.274973387539604319e+00,4.193761835943888627e+00,8.980544544762432135e-01,4.434816978272278831e+00
2.776000000000000156e+01,1.329319506364604830e+00,4.133916249368096096e+00,9.215113989420673501e-01,4.413402433506631972e+00
2.778000000000000114e+01,1.389074016094886455e+00,4.067575349510522464e+00,9.468677947466546119e-01,4.389628989914811541e+00
2.780000000000000071e+01,1.454917993300180568e+00,3.993949891983330502e+00,9.743432299704468669e-01,4.363238860375119543e+00
2.782000000000000028e+01,1.527611327491057214e+00,3.912158197926450143e+00,1.004186986736602893e+00,4.333940112173519488e+00
2.783999999999999986e+01,1.607990384516756244e+00,3.821226914350929871e+00,1.036681629939678162e+00,4.301402469113146054e+00
2.785999999999999943e+01,1.696956967821730222e+00,3.720100523355621025e+00,1.072146502847062255e+00,4.265253131065271930e+00
2.787999999999999901e+01,1.795453123391169692e+00,3.607665228429747017e+00,1.110940730150043576e+00,4.225073011238224652e+00
2.790000000000000213e+01,1.904414012203758277e+00,3.482795277149334900e+00,1.153465075157940056e+00,4.180394053070672022e+00
2.792000000000000171e+01,2.024688423043831786e+00,3.344432586065186452e+00,1.200161634307481018e+00,4.130698664964968181e+00
2.794000000000000128e+01,2.156914227260412709e+00,3.191713013387729170e+00,1.251509861540240465e+00,4.075422821732287204e+00
2.796000000000000085e+01,2.301335876567017102e+00,3.024153079535916611e+00,1.308016809898400190e+00,4.013965016685928866e+00
2.798000000000000043e+01,2.457556180554113290e+00,2.841906058017479975e+00,1.370198841902460218e+00,3.945703926154977559e+00
2.800000000000000000e+01,2.624230201215087099e+00,2.646080913745423757e+00,1.438551613776101856e+00,3.870028149662072980e+00
2.801999999999999957e+01,2.798740962667673138e+00,2.439085548268536296e+00,1.513505308705998642e+00,3.786381283203252401e+00
2.803999999999999915e+01,2.976946436176969524e+00,2.224905255505886359e+00,1.595363531771867294e+00,3.694324207254171544e+00
2.806000000000000227e+01,3.153142277102660262e+00,2.009170485856656363e+00,1.684227682960729666e+00,3.593613101356019079e+00
2.808000000000000185e+01,3.320406659291930573e+00,1.798843258125332634e+00,1.779914212401463081e+00,3.484286076903485352e+00
2.810000000000000142e+01,3.471422676433392862e+00,1.601419107798031538e+00,1.881878818982427148e+00,3.366744520322692225e+00
2.812000000000000099e+01,3.599675702056118531e+00,1.423737628646638331e+00,1.989166374668911441e+00,3.241810243826778404e+00
2.814000000000000057e+01,3.700667955244777652e+00,1.270751861416856920e+00,2.100404181548853000e+00,3.110740348667149657e+00
2.816000000000000014e+01,3.772672013015266224e+00,1.144734444541472662e+00,2.213847153439876259e+00,2.975190375572979828e+00
2.817999999999999972e+01,3.816719597967155320e+00,1.045233419329278268e+00,2.327469716172351433e+00,2.837129945339400994e+00
2.819999999999999929e+01,3.835907619574745908e+00,9.697110057623447021e-01,2.439087857255406000e+00,2.698726555098615254e+00
2.821999999999999886e+01,3.834405196660818582e+00,9.144952762847771144e-01,2.546491791180397257e+00,2.562216477554696503e+00
2.824000000000000199e+01,3.816563102054835177e+00,8.756492669575439702e-01,2.647574887107218444e+00,2.429776897837331529e+00
2.826000000000000156e+01,3.786334893798531720e+00,8.495462131727508082e-01,2.740452033458474546e+00,2.303406153394642164e+00
2.828000000000000114e+01,3.747015632298987153e+00,8.331387767963248647e-01,2.823564317052342343e+00,2.184815346916753054e+00
2.830000000000000071e+01,3.701201852226831512e+00,8.240122442225008559e-01,2.895764740734559251e+00,2.075336796565905306e+00
2.832000000000000028e+01,3.650866850782372275e+00,8.203232086224234720e-01,2.956374739290623666e+00,1.975859850731108480e+00
2.833999999999999986e+01,3.597476454266559376e+00,8.206962681225891121e-01,3.005199265944004772e+00,1.886806801231013742e+00
2.835999999999999943e+01,3.542104681853647019e+00,8.241185114501701214e-01,3.042493483542161758e+00,1.808156647136202277e+00
2.837999999999999901e+01,3.485532457309178600e+00,8.298486423575655024e-01,3.068885601197263391e+00,1.739513141239367400e+00
2.840000000000000213e+01,3.428325430118542183e+00,8.373450204020183030e-01,3.085272009128744219e+00,1.680201891241456247e+00
2.842000000000000171e+01,3.370892670435494676e+00,8.462112714826949267e-01,3.092706098011797966e+00,1.629375755227657319e+00
2.844000000000000128e+01,3.313529832342253290e+00,8.561562561672265703e-01,3.092299201888084603e+00,1.586110291527933480e+00
2.846000000000000085e+01,3.256450454724928889e+00,8.669650371377056741e-01,3.085144238574430542e+00,1.549478503623085590e+00
2.848000000000000043e+01,3.199808505335869135e+00,8.784779774322669654e-01,3.072264542037170365e+00,1.518601966981634632e+00
2.850000000000000000e+01,3.143714582679217440e+00,8.905757299822014694e-01,3.054584953718634921e+00,1.492680782968268449e+00
2.851999999999999957e+01,3.088247570694975241e+00,9.031684503128595276e-01,3.032919893546707879e+00,1.471007196527407634e+00
2.853999999999999915e+01,3.033463047597721562e+00,9.161880219962137417e-01,3.007972961173563053e+00,1.452967982633047495e+00
2.856000000000000227e+01,2.979399379454852781e+00,9.295824291871283007e-01,2.980343522109439647e+00,1.438039908121345967e+00
2.858000000000000185e+01,2.926082159392775939e+00,9.433116616601079363e-01,2.950536935023434282e+00,1.425781464104105334e+00
2.860000000000000142e+01,2.873527460629101693e+00,9.573447172359266233e-01,2.918976176753216745e+00,1.415823031319397352e+00
2.862000000000000099e+01,2.821744235168851311e+00,9.716573934835951443e-01,2.886013479655786362e+00,1.407856828621116607e+00
2.864000000000000057e+01,2.770736093923632737e+00,9.862306500254365282e-01,2.851941203985971729e+00,1.401627415639898899e+00
2.866000000000000014e+01,2.720502636378293815e+00,1.001049385692302618e+00,2.817001569858024634e+00,1.396923135428854268e+00
2.867999999999999972e+01,2.671040450253861387e+00,1.016101519089168903e+00,2.781395123134706715e+00,1.393568641586910406e+00
2.869999999999999929e+01,2.622343867910908788e+00,1.031377292427044567e+00,2.745287954779149331e+00,1.391418512477283986e+00
2.871999999999999886e+01,2.574405542314901929e+00,1.046868740664833375e+00,2.708817770096900279e+00,1.390351878532819940e+00
2.874000000000000199e+01,2.527216888325650945e+00,1.062569283807786258e+00,2.672098938593217454e+00,1.390267952945091201e+00
2.876000000000000156e+01,2.480768422844555676e+00,1.078473411522368419e+00,2.635226664177434230e+00,1.391082344839572160e+00
2.878000000000000114e+01,2.435050028539518241e+00,1.094576437370514688e+00,2.598280410366726745e+00,1.392724036665121012e+00
2.880000000000000071e+01,2.390051159478409737e+00,1.110874305860832800e+00,2.561326702982948511e+00,1.395132917263457228e+00
2.882000000000000028e+01,2.345761002343746071e+00,1.127363439805928014e+00,2.524421417820931435e+00,1.398257774865790060e+00
2.883999999999999986e+01,2.302168603484930465e+00,1.144040618617868654e+00,2.487611645323946519e+00,1.402054667728267923e+00
2.885999999999999943e+01,2.259262969544194810e+00,1.160902880488905664e+00,2.450937209736162359e+00,1.406485602978606586e+00
2.887999999999999901e+01,2.217033147522298187e+00,1.177947443119918614e+00,2.414431907131803001e+00,1.411517465873939114e+00
2.890000000000000213e+01,2.175468288754287549e+00,1.195171638937483571e+00,2.378124515361557112e+00,1.417121151825098346e+00
2.892000000000000171e+01,2.134557700217907694e+00,1.212572861698777871e+00,2.342039619298046826e+00,1.423270862206291287e+00
2.894000000000000128e+01,2.094290885806256330e+00,1.230148522106070841e+00,2.306198286676141240e+00,1.429943532238735271e+00
2.896000000000000085e+01,2.054657579595768446e+00,1.247896010600433536e+00,2.270618623131516856e+00,1.437118365262995523e+00
2.898000000000000043e+01,2.015647772682149341e+00,1.265812665922137370e+00,2.235316229549026978e+00,1.444776452665024857e+00
2.900000000000000000e+01,1.977251734804966299e+00,1.283895748345677434e+00,2.200304580354907724e+00,1.452900462759469491e+00
2.901999999999999957e+01,1.939460031710023014e+00,1.302142416744521247e+00,2.165595337754132821e+00,1.461474385211334326e+00
2.903999999999999915e+01,1.902263538987965186e+00,1.320549708832378544e+00,2.131198613977995038e+00,1.470483320226318114e+00
2.906000000000000227e+01,1.865653452963339731e+00,1.339114524077244850e+00,2.097123191240292783e+00,1.479913303874983210e+00
2.908000000000000185e+01,1.829621299079712049e+00,1.357833608901605871e+00,2.063376707196841409e+00,1.489751162632330539e+00
2.910000000000000142e+01,1.794158938125314684e+00,1.376703543874408853e+00,2.029965812174021611e+00,1.499984391592025679e+00
2.912000000000000099e+01,1.759258570563920099e+00,1.395720732673297215e+00,1.996896303205147438e+00,1.510601051919052029e+00
2.914000000000000057e+01,1.724912739172550946e+00,1.414881392653387859e+00,1.964173238929462162e+00,1.521589683989430064e+00
2.916000000000000014e+01,1.691114330137749144e+00,1.434181546904738758e+00,1.931801038619519018e+00,1.532939233374287280e+00
2.917999999999999972e+01,1.657856572722714805e+00,1.453617017717018012e+00,1.899783567969914877e+00,1.544638987393030627e+00
2.919999999999999929e+01,1.625133037586668383e+00,1.473183421398610138e+00,1.868124213772643927e+00,1.556678520414862987e+00
2.921999999999999886e+01,1.592937633813688025e+00,1.492876164419856932e+00,1.836825949196752461e+00,1.569047646452048639e+00
2.924000000000000199e+01,1.561264604689848179e+00,1.512690440867423103e+00,1.805891391062516060e+00,1.581736377880247124e+00
2.926000000000000156e+01,1.530108522253778025e+00,1.532621231209696289e+00,1.775322850237033956e+00,1.594734889355393648e+00
2.928000000000000114e+01,1.499464280636071623e+00,1.552663302382327082e+00,1.745122376066201575e+00,1.608033486184510696e+00
2.930000000000000071e+01,1.469327088196725306e+00,1.572811209208952121e+00,1.715291795587318813e+00,1.621622576558713558e+00
2.932000000000000028e+01,1.439692458466534264e+00,1.593059297175208666e+00,1.685832748128994529e+00,1.635492647177811287e+00
2.933999999999999986e+01,1.410556199897758489e+00,1.613401706574653760e+00,1.656746715794114255e+00,1.649634241893118247e+00
2.935999999999999943e+01,1.381914404431087373e+00,1.633832378043369671e+00,1.628035050232256031e+00,1.664037943073019665e+00
2.937999999999999901e+01,1.353763434889729167e+00,1.654345059496106218e+00,1.599698996036041265e+00,1.678694355458118626e+00
2.940000000000000213e+01,1.326099911217089700e+00,1.674933314470951062e+00,1.571739711038192766e+00,1.693594092322374900e+00
2.942000000000000171e+01,1.298920695581771811e+00,1.695590531881927099e+00,1.544158283739963000e+00,1.708727763795830246e+00
2.944000000000000128e+01,1.272222876382307133e+00,1.716309937169756328e+00,1.516955748065030640e+00,1.724085967235132300e+00
2.946000000000000085e+01,1.246003751193913045e+00,1.737084604830504420e+00,1.490133095604255553e+00,1.739659279551625470e+00
2.948000000000000043e+01,1.220260808710426748e+00,1.757907472290112461e+00,1.463691285494524097e+00,1.755438251424406015e+00
2.950000000000000000e+01,1.194991709746171304e+00,1.778771355080159378e+00,1.437631252058212628e+00,1.771413403338415238e+00
2.951999999999999957e+01,1.170194267374613073e+00,1.799668963256794374e+00,1.411953910317662819e+00,1.787575223396129287e+00
2.953999999999999915e+01,1.145866426293018270e+00,1.820592918990896925e+00,1.386660159490797462e+00,1.803914166856321888e+00
2.956000000000000227e+01,1.122006241514644787e+00,1.841535775243410056e+00,1.361750884568961428e+00,1.820420657355267924e+00
2.958000000000000185e+01,1.098611856502024864e+00,1.862490035425737211e+00,1.337226956075773909e+00,1.837085089765047030e+00
2.960000000000000142e+01,1.075681480866345296e+00,1.883448173931376202e+00,1.313089228105745354e+00,1.853897834640723108e+00
2.962000000000000099e+01,1.053213367768513820e+00,1.904402657411880861e+00,1.289338534743261322e+00,1.870849244203420803e+00
2.964000000000000057e+01,1.031205791166948993e+00,1.925345966658075447e+00,1.265975684965902959e+00,1.887929659800063664e+00
2.966000000000000014e+01,1.009657023065188008e+00,1.946270618936497554e+00,1.243001456140617966e+00,1.905129420773039151e+00
2.967999999999999972e+01,9.885653109188149434e-01,1.967169190621566921e+00,1.220416586226678701e+00,1.922438874664629038e+00
2.969999999999999929e+01,9.679288553657677818e-01,1.988034339956237684e+00,1.198221764805344591e+00,1.939848388671953083e+00
2.971999999999999886e+01,9.477457884465914084e-01,2.008858829768098708e+00,1.176417623062418372e+00,1.957348362258704233e+00
2.974000000000000199e+01,9.280141524815221921e-01,2.029635549964236230e+00,1.155004722856158850e+00,1.974929240820366250e+00
2.976000000000000156e+01,9.087318797693102468e-01,2.050357539626817882e+00,1.133983545009036531e+00,1.992581530290152614e+00
2.978000000000000114e+01,8.898967732683580323e-01,2.071018008532383714e+00,1.113354476967325590e+00,2.010295812563884787e+00
2.980000000000000071e+01,8.715064884140658608e-01,2.091610357921308783e+00,1.093117799977300741e+00,2.028062761613616871e+00
2.982000000000000028e+01,8.535585162172836249e-01,2.112128200349809859e+00,1.073273675930612292e+00,2.045873160152321457e+00
2.983999999999999986e+01,8.360501677775684648e-01,2.132565378465179240e+00,1.053822134034070324e+00,2.063717916705528843e+00
2.985999999999999943e+01,8.189785603316962481e-01,2.152915982555500207e+00,1.034763057460395208e+00,2.081588082940695639e+00
2.987999999999999901e+01,8.023406049427738163e-01,2.173174366737788965e+00,1.016096170136351562e+00,2.099474871101429496e+00
2.990000000000000213e+01,7.861329959185910932e-01,2.193335163663116205e+00,9.978210238229658913e-01,2.117369671391637453e+00
2.992000000000000171e+01,7.703522020298285700e-01,2.213393297633507117e+00,9.799369856391590972e-01,2.135264069154334976e+00
2.994000000000000128e+01,7.549944595797009050e-01,2.233343996043038349e+00,9.624432261750600626e-01,2.153149861691307176e+00
2.996000000000000085e+01,7.400557673569193584e-01,2.253182799074225695e+00,9.453387083345146102e-01,2.171019074573091068e+00
2.998000000000000043e+01,7.255318834838356823e-01,2.272905567600171040e+00,9.286221770378937368e-01,2.188863977293854290e+00
3.000000000000000000e+01,7.114183241516471856e-01,2.292508489262683025e+00,9.122921499063242345e-01,2.206677098132640236e+00
3.001999999999999957e+01,6.977103642149453666e-01,2.311988082716351922e+00,8.963469090370034253e-01,2.224451238091042171e+00
3.003999999999999915e+01,6.844030395990108318e-01,2.331341200047987616e+00,8.807844939664971617e-01,2.242179483787561267e+00
3.006000000000000227e+01,6.714911514554086081e-01,2.350565027399609708e+00,8.656026959050037162e-01,2.259855219200544774e+00
3.008000000000000185e+01,6.589692719849038482e-01,2.369657083841006262e+00,8.507990533097105068e-01,2.277472136164488070e+00
3.010000000000000142e+01,6.468317518317379111e-01,2.388615218554474229e+00,8.363708488498085014e-01,2.295024243538452691e+00
3.012000000000000099e+01,6.350727289400891484e-01,2.407437606409488229e+00,8.223151077996816438e-01,2.312505874980151699e+00
3.014000000000000057e+01,6.236861387522444344e-01,2.426122742018531397e+00,8.086285978805223262e-01,2.329911695274640149e+00
3.016000000000000014e+01,6.126657256187428846e-01,2.444669432376988194e+00,7.953078305543843651e-01,2.347236705182287331e+00
3.017999999999999972e+01,6.020050552835833901e-01,2.463076788199772604e+00,7.823490637587168228e-01,2.364476244786550829e+00
3.019999999999999929e+01,5.916975283025344146e-01,2.481344214075150045e+00,7.697483060539842548e-01,2.381625995337744328e+00
3.021999999999999886e+01,5.817363942496173168e-01,2.499471397562016417e+00,7.575013221422726151e-01,2.398681979604285086e+00
3.024000000000000199e+01,5.721147665658932180e-01,2.517458297360747999e+00,7.456036397010410433e-01,2.415640560757573496e+00
3.026000000000000156e+01,5.628256379056594261e-01,2.535305130689664121e+00,7.340505574635691755e-01,2.432498439830502068e+00
3.028000000000000114e+01,5.538618958379213364e-01,2.553012359999288883e+00,7.228371544663388937e-01,2.449252651802428904e+00
3.030000000000000071e+01,5.452163387653964355e-01,2.570580679155055392e+00,7.119583003736960070e-01,2.465900560375120953e+00
3.032000000000000028e+01,5.368816919291358181e-01,2.588010999216007857e+00,7.014086667817673870e-01,2.482439851514543605e+00
3.033999999999999986e+01,5.288506233739357354e-01,2.605304433932625230e+00,6.911827393968135169e-01,2.498868525842369959e+00
3.035999999999999943e+01,5.211157597578421896e-01,2.622462285081240019e+00,6.812748309780137790e-01,2.515184889968599347e+00
3.037999999999999901e+01,5.136697018980309615e-01,2.639486027745894248e+00,6.716790949311144399e-01,2.531387546862714721e+00
3.040000000000000213e+01,5.065050399549582139e-01,2.656377295651006332e+00,6.623895394373765511e-01,2.547475385365337353e+00
3.042000000000000171e+01,4.996143681667397085e-01,2.673137866640125537e+00,6.534000420017993527e-01,2.563447568945379285e+00
3.044000000000000128e+01,4.929902990560285359e-01,2.689769648387501988e+00,6.447043643055725415e-01,2.579303523809320264e+00
3.046000000000000085e+01,4.866254770420597175e-01,2.706274664420350362e+00,6.362961672500316856e-01,2.595042926469477873e+00
3.048000000000000043e+01,4.805125914008475108e-01,2.722655040520721492e+00,6.281690260829392303e-01,2.610665690877108425e+00
3.050000000000000000e+01,4.746443885266242724e-01,2.738912991566927690e+00,6.203164455025441670e-01,2.626171955223985499e+00
3.051999999999999957e+01,4.690136834573693236e-01,2.755050808865650236e+00,6.127318746404644134e-01,2.641562068512831818e+00
3.053999999999999915e+01,4.636133706365913598e-01,2.771070848017280763e+00,6.054087218308195073e-01,2.656836576992802623e+00
3.056000000000000227e+01,4.584364338923143656e-01,2.786975517348825981e+00,5.983403690800827013e-01,2.671996210551239592e+00
3.058000000000000185e+01,4.534759556224042254e-01,2.802767266940890067e+00,5.915201861596655064e-01,2.687041869147250850e+00
3.060000000000000142e+01,4.487251251829156851e-01,2.818448578267930493e+00,5.849415442511470831e-01,2.701974609366508240e+00
3.062000000000000099e+01,4.441772464830016642e-01,2.834021954464186255e+00,5.785978290821852665e-01,2.716795631170072500e+00
3.064000000000000057e+01,4.398257447960905453e-01,2.849489911221437133e+00,5.724824534993576686e-01,2.731506264903204695e+00
3.066000000000000014e+01,4.356641728024997495e-01,2.864854968319106021e+00,5.665888694323640840e-01,2.746107958623110079e+00
3.067999999999999972e+01,4.316862158834189889e-01,2.880119641782136863e+00,5.609105792120695488e-01,2.760602265797515997e+00
3.069999999999999929e+01,4.278856966902834236e-01,2.895286436657603879e+00,5.554411462126813692e-01,2.774990833418967018e+00
3.071999999999999886e+01,4.242565790169895434e-01,2.910357840397092222e+00,5.501742047958549930e-01,2.789275390572856672e+00
3.074000000000000199e+01,4.207929710052186190e-01,2.925336316828523131e+00,5.451034695416402398e-01,2.803457737490562263e+00
3.076000000000000156e+01,4.174891277153580105e-01,2.940224300698279336e+00,5.402227437578588365e-01,2.817539735112675636e+00
3.078000000000000114e+01,4.143394530971952205e-01,2.955024192762135016e+00,5.355259272657005853e-01,2.831523295181274769e+00
3.080000000000000071e+01,4.113385013957437386e-01,2.969738355401642771e+00,5.310070234650074994e-01,2.845410370874519757e+00
3.082000000000000028e+01,4.084809780282896430e-01,2.984369108741181886e+00,5.266601456878636789e-01,2.859202947991590360e+00
3.083999999999999986e+01,4.057617399690712223e-01,2.998918727239834325e+00,5.224795228537153502e-01,2.872903036691152767e+00
3.085999999999999943e+01,4.031757956779627450e-01,3.013389436731561233e+00,5.184595044433031319e-01,2.886512663782152099e+00
3.087999999999999901e+01,4.007183046091760681e-01,3.027783411886788567e+00,5.145945648122139948e-01,2.900033865561783664e+00
3.090000000000000213e+01,3.983845763353593417e-01,3.042102774068421667e+00,5.108793068678585403e-01,2.913468681191998755e+00
3.092000000000000171e+01,3.961700693216051450e-01,3.056349589555468871e+00,5.073084651361765562e-01,2.926819146602841037e+00
3.094000000000000128e+01,3.940703893828147453e-01,3.070525868107827350e+00,5.038769082463926408e-01,2.940087288908263652e+00
3.096000000000000085e+01,3.920812878566412585e-01,3.084633561846344740e+00,5.005796408637120942e-01,2.953275121317856744e+00
3.098000000000000043e+01,3.901986595228807420e-01,3.098674564422972288e+00,4.974118051009974173e-01,2.966384638526061934e+00
3.100000000000000000e+01,3.884185402987306301e-01,3.112650710456664971e+00,4.943686814412320274e-01,2.979417812558958545e+00
3.101999999999999957e+01,3.867371047378120874e-01,3.126563775211609109e+00,4.914456892029920865e-01,2.992376589057565539e+00
3.103999999999999915e+01,3.851506633592848283e-01,3.140415474495380277e+00,4.886383865812463090e-01,3.005262883975748256e+00
3.106000000000000227e+01,3.836556598317895639e-01,3.154207464755689916e+00,4.859424702956197106e-01,3.018078580670264799e+00
3.108000000000000185e+01,3.822486680353506250e-01,3.167941343355493267e+00,4.833537748778303222e-01,3.030825527360172078e+00
3.110000000000000142e+01,3.809263890227813087e-01,3.181618649007355693e+00,4.808682716293607995e-01,3.043505534932726686e+00
3.112000000000000099e+01,3.796856479005645268e-01,3.195240862349116640e+00,4.784820672796010754e-01,3.056120375073033468e+00
3.114000000000000057e+01,3.785233906476475618e-01,3.208809406644022477e+00,4.761914023737154333e-01,3.068671778694977981e+00
3.116000000000000014e+01,3.774366808890989300e-01,3.222325648589618119e+00,4.739926494183835382e-01,3.081161434651424003e+00
3.117999999999999972e+01,3.764226966401374996e-01,3.235790899220797545e+00,4.718823108123537668e-01,3.093590988702210609e+00
3.119999999999999929e+01,3.754787270346620076e-01,3.249206414893470285e+00,4.698570165874680349e-01,3.105962042719157878e+00
3.122000000000000242e+01,3.746021690510918378e-01,3.262573398336347186e+00,4.679135219844752780e-01,3.118276154108051479e+00
3.124000000000000199e+01,3.737905242470762057e-01,3.275892999759340896e+00,4.660487048865766813e-01,3.130534835428373519e+00
3.126000000000000156e+01,3.730413955134432857e-01,3.289166318008032164e+00,4.642595631322534722e-01,3.142739554192446771e+00
3.128000000000000114e+01,3.723524838566458772e-01,3.302394401754560782e+00,4.625432117275278809e-01,3.154891732826553330e+00
3.130000000000000071e+01,3.717215852179111546e-01,3.315578250716162412e+00,4.608968799764208146e-01,3.166992748777512467e+00
3.132000000000000028e+01,3.711465873363244405e-01,3.328718816893390997e+00,4.593179085470021628e-01,3.179043934749168798e+00
3.133999999999999986e+01,3.706254666621661142e-01,3.341817005820822750e+00,4.578037464890895580e-01,3.191046579054154897e+00
3.135999999999999943e+01,3.701562853259749986e-01,3.354873677823770439e+00,4.563519482183535647e-01,3.203001926067257976e+00
3.137999999999999901e+01,3.697371881680310834e-01,3.367889649275194852e+00,4.549601704803298285e-01,3.214911176767622614e+00
3.140000000000000213e+01,3.693663998322316289e-01,3.380865693847633580e+00,4.536261693066332423e-01,3.226775489357935456e+00
3.142000000000000171e+01,3.690422219276744409e-01,3.393802543755546353e+00,4.523477969745165472e-01,3.238595979949606019e+00
3.144000000000000128e+01,3.687630302606590971e-01,3.406700890984008190e+00,4.511229989798179463e-01,3.250373723303806361e+00
3.146000000000000085e+01,3.685272721392673367e-01,3.419561388500186538e+00,4.499498110323066347e-01,3.262109753619047758e+00
3.148000000000000043e+01,3.683334637521847310e-01,3.432384651444484014e+00,4.488263560814543807e-01,3.273805065356739874e+00
3.150000000000000000e+01,3.681801876229756076e-01,3.445171258298649342e+00,4.477508413797428588e-01,3.285460614096929355e+00
3.151999999999999957e+01,3.680660901406168084e-01,3.457921752028548568e+00,4.467215555897561807e-01,3.297077317417111075e+00
3.153999999999999915e+01,3.679898791667320923e-01,3.470636641199620787e+00,4.457368659405094302e-01,3.308656055787657202e+00
3.156000000000000227e+01,3.679503217196439802e-01,3.483316401063374368e+00,4.447952154377172729e-01,3.320197673478049172e+00
3.158000000000000185e+01,3.679462417350724546e-01,3.495961474613553222e+00,4.438951201320214812e-01,3.331702979468670112e+00
3.160000000000000142e+01,3.679765179030546896e-01,3.508572273610869541e+00,4.430351664485620566e-01,3.343172748363457014e+00
3.162000000000000099e+01,3.680400815804366066e-01,3.521149179575426391e+00,4.422140085806942622e-01,3.354607721299232459e+00
3.164000000000000057e+01,3.681359147780933205e-01,3.533692544746160902e+00,4.414303659501231936e-01,3.366008606847993967e+00
3.166000000000000014e+01,3.682630482218661183e-01,3.546202693006826223e+00,4.406830207352412376e-01,3.377376081908877392e+00
3.167999999999999972e+01,3.684205594860610056e-01,3.558679920778193839e+00,4.399708154690148421e-01,3.388710792586924203e+00
3.169999999999999929e+01,3.686075711982302883e-01,3.571124497876303483e+00,4.392926507073690590e-01,3.400013355056130671e+00
3.172000000000000242e+01,3.688232493138588475e-01,3.583536668336710473e+00,4.386474827686598910e-01,3.411284356404614915e+00
3.174000000000000199e+01,3.690668014594909452e-01,3.595916651204801084e+00,4.380343215445039462e-01,3.422524355460040635e+00
3.176000000000000156e+01,3.693374753427687840e-01,3.608264641292333597e+00,4.374522283819492485e-01,3.433733883593710789e+00
3.178000000000000114e+01,3.696345572278003644e-01,3.620580809900446617e+00,4.369003140367170857e-01,3.444913445502013616e+00
3.180000000000000071e+01,3.699573704742361580e-01,3.632865305509454856e+00,4.363777366970206240e-01,3.456063519964127639e+00
3.182000000000000028e+01,3.703052741384085245e-01,3.645118254435797844e+00,4.358837000772714521e-01,3.467184560575097052e+00
3.183999999999999986e+01,3.706776616348709807e-01,3.657339761456567029e+00,4.354174515808132973e-01,3.478276996453588232e+00
3.185999999999999943e+01,3.710739594566697663e-01,3.669529910402070882e+00,4.349782805306773859e-01,3.489341232923792724e+00
3.187999999999999901e+01,3.714936259526818163e-01,3.681688764716925633e+00,4.345655164672267423e-01,3.500377652171105414e+00
3.190000000000000213e+01,3.719361501603651865e-01,3.693816367990188532e+00,4.341785275114525833e-01,3.511386613871319007e+00
3.192000000000000171e+01,3.724010506922830754e-01,3.705912744455063468e+00,4.338167187925981994e-01,3.522368455793219333e+00
3.194000000000000128e+01,3.728878746747877893e-01,3.717977899458713154e+00,4.334795309387149409e-01,3.533323494374545959e+00
3.196000000000000085e+01,3.733961967372774193e-01,3.730011819902727677e+00,4.331664386286972479e-01,3.544252025271377171e+00
3.198000000000000043e+01,3.739256180504723637e-01,3.742014474654787204e+00,4.328769492043031963e-01,3.555154323881087208e+00
3.200000000000000000e+01,3.744757654121942947e-01,3.753985814932055742e+00,4.326106013406332829e-01,3.566030645839071145e+00
3.202000000000000313e+01,3.750462903791708658e-01,3.765925774656835312e+00,4.323669637735221838e-01,3.576881227489501214e+00
3.203999999999999915e+01,3.756368684434325811e-01,3.777834270784990345e+00,4.321456340822874553e-01,3.587706286330418326e+00
3.206000000000000227e+01,3.762471982519129399e-01,3.789711203607641465e+00,4.319462375262761999e-01,3.598506021433506952e+00
3.207999999999999829e+01,3.768770008679115935e-01,3.801556457026604718e+00,4.317684259336578290e-01,3.609280613838921070e+00
3.210000000000000142e+01,3.775260190731284937e-01,3.813369898804029656e+00,4.316118766409237639e-01,3.620030226925561312e+00
3.211999999999999744e+01,3.781940167090284688e-01,3.825151380786667055e+00,4.314762914815719608e-01,3.630755006757216741e+00
3.214000000000000057e+01,3.788807780563470118e-01,3.836900739105168157e+00,4.313613958224803424e-01,3.641455082404998045e+00
3.216000000000000369e+01,3.795861072516016899e-01,3.848617794348786703e+00,4.312669376464989268e-01,3.652130566246484911e+00
3.217999999999999972e+01,3.803098277395263183e-01,3.860302351715830138e+00,4.311926866798260205e-01,3.662781554242029891e+00
3.220000000000000284e+01,3.810517817604003321e-01,3.871954201140165530e+00,4.311384335627663766e-01,3.673408126188640210e+00
3.221999999999999886e+01,3.818118298712998016e-01,3.883573117394058194e+00,4.311039890625101290e-01,3.684010345951861609e+00
3.224000000000000199e+01,3.825898505003522687e-01,3.895158860167579729e+00,4.310891833266121687e-01,3.694588261676077234e+00
3.225999999999999801e+01,3.833857395331328743e-01,3.906711174124791963e+00,4.310938651758943196e-01,3.705141905973619032e+00
3.228000000000000114e+01,3.841994099303949750e-01,3.918229788936867131e+00,4.311179014355384087e-01,3.715671296093075338e+00
3.229999999999999716e+01,3.850307913763846290e-01,3.929714419292269501e+00,4.311611763031844569e-01,3.726176434067153487e+00
3.232000000000000028e+01,3.858798299570445622e-01,3.941164764884081961e+00,4.312235907528967904e-01,3.736657306840450943e+00
3.234000000000000341e+01,3.867464878674693463e-01,3.952580510374516187e+00,4.313050619739086100e-01,3.747113886377444469e+00
3.235999999999999943e+01,3.876307431480304766e-01,3.963961325336605501e+00,4.314055228431057376e-01,3.757546129750997554e+00
3.238000000000000256e+01,3.885325894486468257e-01,3.975306864173028476e+00,4.315249214302605552e-01,3.767953979211655646e+00
3.239999999999999858e+01,3.894520358207332889e-01,3.986616766011969126e+00,4.316632205350767748e-01,3.778337362237967678e+00
3.242000000000000171e+01,3.903891065364180069e-01,3.997890654579869807e+00,4.318203972551581393e-01,3.788696191568041716e+00
3.243999999999999773e+01,3.913438409346760571e-01,4.009128138050883194e+00,4.319964425840644440e-01,3.799030365212523908e+00
3.246000000000000085e+01,3.923162932940876813e-01,4.020328808872777770e+00,4.321913610386690641e-01,3.809339766449137965e+00
3.248000000000000398e+01,3.933065327319863469e-01,4.031492243568997047e+00,4.324051703150860737e-01,3.819624263798901076e+00
3.250000000000000000e+01,3.943146431298237831e-01,4.042618002516519482e+00,4.326379009724836688e-01,3.829883710984097078e+00
3.252000000000000313e+01,3.953407230846392451e-01,4.053705629699107860e+00,4.328895961441558415e-01,3.840117946868045529e+00
3.253999999999999915e+01,3.963848858865825497e-01,4.064754652435471627e+00,4.331603112752729356e-01,3.850326795376672884e+00
3.256000000000000227e+01,3.974472595225039817e-01,4.075764581081818605e+00,4.334501138867862813e-01,3.860510065401847157e+00
3.257999999999999829e+01,3.985279867056886749e-01,4.086734908708184122e+00,4.337590833650135091e-01,3.870667550686405001e+00
3.260000000000000142e+01,3.996272249318799097e-01,4.097665110747879424e+00,4.340873107764836591e-01,3.880799029690752633e+00
3.261999999999999744e+01,4.007451465618034891e-01,4.108554644619318630e+00,4.344348987076742663e-01,3.890904265440874088e+00
3.264000000000000057e+01,4.018819389304766343e-01,4.119402949319409757e+00,4.348019611293260089e-01,3.900983005357554934e+00
3.266000000000000369e+01,4.030378044836565032e-01,4.130209444987620770e+00,4.351886232850737390e-01,3.911034981066551008e+00
3.267999999999999972e+01,4.042129609418596559e-01,4.140973532439744531e+00,4.355950216041882816e-01,3.921059908189423293e+00
3.270000000000000284e+01,4.054076414924620009e-01,4.151694592670304829e+00,4.360213036382767360e-01,3.931057486114669874e+00
3.271999999999999886e+01,4.066220950104695309e-01,4.162371986322447981e+00,4.364676280218467985e-01,3.941027397748765093e+00
3.274000000000000199e+01,4.078565863086365817e-01,4.173005053124071217e+00,4.369341644566965277e-01,3.950969309246644912e+00
3.275999999999999801e+01,4.091113964176963380e-01,4.183593111288838706e+00,4.374210937201491456e-01,3.960882869721121136e+00
3.278000000000000114e+01,4.103868228975624532e-01,4.194135456880618840e+00,4.379286076972124242e-01,3.970767710930662275e+00
3.279999999999999716e+01,4.116831801804590740e-01,4.204631363139770706e+00,4.384569094368029885e-01,3.980623446944895782e+00
3.282000000000000028e+01,4.130007999470396429e-01,4.215080079769580657e+00,4.390062132322388178e-01,3.990449673787134444e+00
3.284000000000000341e+01,4.143400315366653208e-01,4.225480832181014001e+00,4.395767447262677319e-01,4.000245969053163542e+00
3.285999999999999943e+01,4.157012423931290557e-01,4.235832820693817169e+00,4.401687410409668155e-01,4.010011891505440573e+00
3.288000000000000256e+01,4.170848185472346148e-01,4.246135219691849372e+00,4.407824509329179019e-01,4.019746980641793144e+00
3.289999999999999858e+01,4.184911651377706820e-01,4.256387176730368260e+00,4.414181349741359561e-01,4.029450756237625164e+00
3.292000000000000171e+01,4.199207069725591213e-01,4.266587811592824409e+00,4.420760657593016951e-01,4.039122717860536227e+00
3.293999999999999773e+01,4.213738891314051105e-01,4.276736215294527632e+00,4.427565281399319930e-01,4.048762344356193310e+00
3.296000000000000085e+01,4.228511776129350030e-01,4.286831449030369612e+00,4.434598194862001685e-01,4.058369093304190045e+00
3.298000000000000398e+01,4.243530600274779130e-01,4.296872543063567917e+00,4.441862499772082362e-01,4.067942400442509765e+00
3.300000000000000000e+01,4.258800463383282664e-01,4.306858495552168264e+00,4.449361429206047935e-01,4.077481679059132169e+00
3.302000000000000313e+01,4.274326696539217929e-01,4.316788271309808245e+00,4.457098351025368110e-01,4.086986319349188435e+00
3.303999999999999915e+01,4.290114870736665975e-01,4.326660800496984649e+00,4.465076771690285051e-01,4.096455687735947038e+00
3.306000000000000227e+01,4.306170805903971610e-01,4.336474977238780504e+00,4.473300340399887220e-01,4.105889126153798863e+00
3.307999999999999829e+01,4.322500580526607017e-01,4.346229658164708631e+00,4.481772853571621695e-01,4.115285951291239641e+00
3.310000000000000142e+01,4.339110541903083984e-01,4.355923660866007907e+00,4.490498259674658987e-01,4.124645453791736749e+00
3.311999999999999744e+01,4.356007317071456386e-01,4.365555762265364237e+00,4.499480664432810029e-01,4.133966897410173758e+00
3.314000000000000057e+01,4.373197824447021542e-01,4.375124696893665011e+00,4.508724336414117739e-01,4.143249518122418706e+00
3.316000000000000369e+01,4.390689286215126996e-01,4.384629155067960582e+00,4.518233713025734954e-01,4.152492523185353335e+00
3.317999999999999972e+01,4.408489241526576952e-01,4.394067780964385328e+00,4.528013406934333629e-01,4.161695090144530873e+00
3.320000000000000284e+01,4.426605560547016704e-01,4.403439170579288131e+00,4.538068212933991097e-01,4.170856365786386633e+00
3.321999999999999886e+01,4.445046459415893381e-01,4.412741869571306097e+00,4.548403115285392095e-01,4.179975465031723125e+00
3.324000000000000199e+01,4.463820516175169839e-01,4.421974370976546886e+00,4.559023295552169786e-01,4.189051469766917002e+00
3.325999999999999801e+01,4.482936687732958503e-01,4.431135112788417985e+00,4.569934140962383373e-01,4.198083427609050844e+00
3.328000000000000114e+01,4.502404327932660877e-01,4.440222475392982204e+00,4.581141253325455853e-01,4.207070350600862874e+00
3.329999999999999716e+01,4.522233206804122663e-01,4.449234778849970873e+00,4.592650458537437252e-01,4.216011213831113658e+00
3.332000000000000028e+01,4.542433531079758668e-01,4.458170280008799224e+00,4.604467816710173245e-01,4.224904953975609168e+00
3.334000000000000341e+01,4.563015966065645523e-01,4.467027169448051005e+00,4.616599632962931077e-01,4.233750467753774949e+00
3.335999999999999943e+01,4.583991658965279048e-01,4.475803568225956042e+00,4.629052468918253282e-01,4.242546610295252485e+00
3.338000000000000256e+01,4.605372263762118057e-01,4.484497524428341819e+00,4.641833154947292428e-01,4.251292193410583842e+00
3.339999999999999858e+01,4.627169967776245674e-01,4.493107009499405002e+00,4.654948803213679875e-01,4.259985983759554173e+00
3.342000000000000171e+01,4.649397520020596697e-01,4.501629914339416949e+00,4.668406821569111020e-01,4.268626700910273186e+00
3.343999999999999773e+01,4.672068261493275143e-01,4.510064045152107681e+00,4.682214928358338080e-01,4.277213015281500219e+00
3.346000000000000085e+01,4.695196157554665239e-01,4.518407119022982421e+00,4.696381168196159805e-01,4.285743545960126966e+00
3.348000000000000398e+01,4.718795832551417324e-01,4.526656759208197656e+00,4.710913928784368210e-01,4.294216858385066615e+00
3.350000000000000000e+01,4.742882606864110562e-01,4.534810490111825132e+00,4.725821958842470472e-01,4.302631461888073439e+00
3.352000000000000313e+01,4.767472536571610298e-01,4.542865731927347106e+00,4.741114387232402416e-01,4.310985807081223697e+00
3.353999999999999915e+01,4.792582455943009134e-01,4.550819794917064343e+00,4.756800743364487660e-01,4.319278283079944103e+00
3.356000000000000227e+01,4.818230022987766148e-01,4.558669873300702946e+00,4.772890978979575927e-01,4.327507214549513037e+00
3.357999999999999829e+01,4.844433768316452338e-01,4.566413038721858442e+00,4.789395491410748384e-01,4.335670858561936569e+00
3.360000000000000142e+01,4.871213147588600023e-01,4.574046233258011185e+00,4.806325148437237127e-01,4.343767401248958215e+00
3.361999999999999744e+01,4.898588597850839221e-01,4.581566261936609763e+00,4.823691314853428280e-01,4.351794954235725932e+00
3.364000000000000057e+01,4.926581598098056514e-01,4.588969784716186773e+00,4.841505880887018720e-01,4.359751550838267597e+00
3.366000000000000369e+01,4.955214734423111222e-01,4.596253307887485207e+00,4.859781292612779247e-01,4.367635142006423443e+00
3.367999999999999972e+01,4.984511770157075694e-01,4.603413174845242928e+00,4.878530584522015601e-01,4.375443591992219439e+00
3.370000000000000284e+01,5.014497721442459088e-01,4.610445556176390625e+00,4.897767414422877774e-01,4.383174673721862646e+00
3.371999999999999886e+01,5.045198938726968008e-01,4.617346439005054926e+00,4.917506100863325846e-01,4.390826063847485194e+00
3.374000000000000199e+01,5.076643194715598773e-01,4.624111615528738284e+00,4.937761663286974745e-01,4.398395337452583043e+00
3.375999999999999801e+01,5.108859779374931298e-01,4.630736670673373467e+00,4.958549865152463987e-01,4.405879962382601711e+00
3.378000000000000114e+01,5.141879602646121095e-01,4.637216968787504889e+00,4.979887260269614258e-01,4.413277293169409532e+00
3.379999999999999716e+01,5.175735305593155422e-01,4.643547639287509021e+00,5.001791242630787560e-01,4.420584564515381842e+00
3.382000000000000028e+01,5.210461380791395758e-01,4.649723561156498874e+00,5.024280100043786446e-01,4.427798884299456894e+00
3.384000000000000341e+01,5.246094302849417801e-01,4.655739346189114336e+00,5.047373071903729080e-01,4.434917226063831208e+00
3.385999999999999943e+01,5.282672670055950093e-01,4.661589320862762342e+00,5.071090411475975834e-01,4.441936420935771679e+00
3.388000000000000256e+01,5.320237358254794602e-01,4.667267506702765800e+00,5.095453453100819985e-01,4.448853148934476032e+00
3.389999999999999858e+01,5.358831688175640373e-01,4.672767598994171934e+00,5.120484684773847217e-01,4.455663929607721840e+00
3.392000000000000171e+01,5.398501607589679674e-01,4.678082943676416861e+00,5.146207826604121127e-01,4.462365111937338646e+00
3.393999999999999773e+01,5.439295889818070995e-01,4.683206512238398567e+00,5.172647915706438670e-01,4.468952863446107315e+00
3.396000000000000085e+01,5.481266350301227108e-01,4.688130874410446403e+00,5.199831398144498795e-01,4.475423158431532933e+00
3.398000000000000398e+01,5.524468083140611219e-01,4.692848168425905797e+00,5.227786228609918595e-01,4.481771765243876438e+00
3.400000000000000000e+01,5.568959719755710580e-01,4.697350068598114881e+00,5.256541978598556764e-01,4.487994232516813398e+00
3.402000000000000313e+01,5.614803712061112728e-01,4.701627749928062983e+00,5.286129953931756331e-01,4.494085874248945345e+00
3.403999999999999915e+01,5.662066642866925292e-01,4.705671849423359809e+00,5.316583322567296488e-01,4.500041753622971541e+00
3.406000000000000227e+01,5.710819566545495274e-01,4.709472423769769378e+00,5.347937253754515563e-01,4.505856665436460240e+00
3.407999999999999829e+01,5.761138383395002505e-01,4.713018902951727540e+00,5.380229069712127998e-01,4.511525117003647445e+00
3.410000000000000142e+01,5.813104251573371073e-01,4.716300039367101071e+00,5.413498411147710243e-01,4.517041307371261638e+00
3.411999999999999744e+01,5.866804040982802615e-01,4.719303851923011273e+00,5.447787418097163048e-01,4.522399104672817138e+00
3.414000000000000057e+01,5.922330834066297234e-01,4.722017564532696277e+00,5.483140927743439530e-01,4.527592021424714730e+00
3.416000000000000369e+01,5.979784479144722997e-01,4.724427538356721357e+00,5.519606691079687044e-01,4.532613187543600652e+00
3.417999999999999972e+01,6.039272202690423308e-01,4.726519197043861809e+00,5.557235610516637614e-01,4.537455320837182171e+00
3.420000000000000284e+01,6.100909287817510851e-01,4.728276944125772374e+00,5.596082000801824163e-01,4.542110694689736938e+00
3.421999999999999886e+01,6.164819827289473864e-01,4.729684071602941131e+00,5.636203875924417073e-01,4.546571102628120364e+00
3.424000000000000199e+01,6.231137560524467878e-01,4.730722658624863186e+00,5.677663265030047368e-01,4.550827819413672870e+00
3.425999999999999801e+01,6.300006805444966496e-01,4.731373459011764204e+00,5.720526560772213331e-01,4.554871558259091735e+00
3.428000000000000114e+01,6.371583497603523494e-01,4.731615776185018163e+00,5.764864903989026512e-01,4.558692423716200537e+00
3.430000000000000426e+01,6.446036350858459496e-01,4.731427323864317636e+00,5.810754609126025372e-01,4.562279859719542863e+00
3.432000000000000028e+01,6.523548156017685562e-01,4.730784070646677719e+00,5.858277635439239628e-01,4.565622592200412555e+00
3.434000000000000341e+01,6.604317236369461330e-01,4.729660066299464560e+00,5.907522109721261572e-01,4.568708565604956640e+00
3.435999999999999943e+01,6.688559081939704498e-01,4.728027247269701583e+00,5.958582907113074700e-01,4.571524872556363306e+00
3.438000000000000256e+01,6.776508187732677158e-01,4.725855218526525015e+00,6.011562297514876363e-01,4.574057675792831290e+00
3.439999999999999858e+01,6.868420125216062599e-01,4.723111008402721467e+00,6.066570666212974805e-01,4.576292121387463219e+00
3.442000000000000171e+01,6.964573881010475143e-01,4.719758792572847916e+00,6.123727318623877203e-01,4.578212242110358154e+00
3.443999999999999773e+01,7.065274502265408429e-01,4.715759582685334017e+00,6.183161380553063857e-01,4.579800849623515191e+00
3.446000000000000085e+01,7.170856094700797101e-01,4.711070874437264244e+00,6.245012807112571007e-01,4.581039414001399024e+00
3.448000000000000398e+01,7.281685226946129630e-01,4.705646249023329730e+00,6.309433515483764410e-01,4.581907928839149768e+00
3.450000000000000000e+01,7.398164803830590275e-01,4.699434920880991129e+00,6.376588659103207268e-01,4.582384759940466346e+00
3.452000000000000313e+01,7.520738481918936014e-01,4.692381223464495044e+00,6.446658063654272519e-01,4.582446475261030550e+00
3.453999999999999915e+01,7.649895713142069731e-01,4.684424023378343627e+00,6.519837848540983583e-01,4.582067653412559949e+00
3.456000000000000227e+01,7.786177517178719532e-01,4.675496051548394760e+00,6.596342261393340900e-01,4.581220667597164287e+00
3.457999999999999829e+01,7.930183100694797593e-01,4.665523138162429362e+00,6.676405757711456612e-01,4.579875441329828156e+00
3.460000000000000142e+01,8.082577462078061048e-01,4.654423335822713170e+00,6.760285363124229896e-01,4.577999171704629333e+00
3.461999999999999744e+01,8.244100144397561447e-01,4.642105912666607104e+00,6.848263362063606863e-01,4.575556015251383890e+00
3.464000000000000057e+01,8.415575327474086320e-01,4.628470194070159138e+00,6.940650364107834314e-01,4.572506730594844804e+00
3.466000000000000369e+01,8.597923482661771200e-01,4.613404227896442222e+00,7.037788808021705478e-01,4.568808271146430400e+00
3.467999999999999972e+01,8.792174851627528875e-01,4.596783244034543081e+00,7.140056973839294940e-01,4.564413319904025101e+00
3.470000000000000284e+01,8.999485053298159620e-01,4.578467874164225293e+00,7.247873585437545341e-01,4.559269757081103158e+00
3.471999999999999886e+01,9.221153171067530963e-01,4.558302092280691831e+00,7.361703100194489924e-01,4.553320049702934469e+00
3.474000000000000199e+01,9.458642724465363694e-01,4.536110830598773624e+00,7.482061798768242511e-01,4.546500550465096602e+00
3.475999999999999801e+01,9.713605983730935201e-01,4.511697219223285593e+00,7.609524806993419599e-01,4.538740691021115659e+00
3.478000000000000114e+01,9.987912138045671462e-01,4.484839391824349875e+00,7.744734203503782499e-01,4.529962052432900954e+00
3.480000000000000426e+01,1.028367987120589078e+00,4.455286794232236502e+00,7.888408390908040468e-01,4.520077292778733380e+00
3.482000000000000028e+01,1.060331491961361117e+00,4.422755929649052398e+00,8.041352934794434582e-01,4.508988908900593451e+00
3.484000000000000341e+01,1.094955316556386560e+00,4.386925475214799697e+00,8.204473102569478371e-01,4.496587806075410754e+00
3.485999999999999943e+01,1.132550971960798458e+00,4.347430713479259801e+00,8.378788361235041116e-01,4.482751646201203144e+00
3.488000000000000256e+01,1.173473421437311037e+00,4.303857244563531026e+00,8.565449116185728240e-01,4.467342942248072823e+00
3.489999999999999858e+01,1.218127208203937828e+00,4.255733989368158277e+00,8.765755985940439921e-01,4.450206864845107191e+00
3.492000000000000171e+01,1.266973078409396880e+00,4.202525574998620783e+00,8.981181900369363813e-01,4.431168726979593409e+00
3.493999999999999773e+01,1.320534859884892720e+00,4.143624331954937290e+00,9.213397266144229825e-01,4.410031116542491247e+00
3.496000000000000085e+01,1.379406133967095993e+00,4.078342360675035749e+00,9.464298336920194954e-01,4.386570656524353851e+00
3.498000000000000398e+01,1.444255882057138507e+00,4.005904489905651289e+00,9.736038716773037782e-01,4.360534393208256532e+00
3.500000000000000000e+01,1.515831736284979803e+00,3.925443518036667356e+00,1.003106355201170752e+00,4.331635850087586448e+00
3.502000000000000313e+01,1.594958628655974486e+00,3.835999990939972903e+00,1.035214533683095128e+00,4.299550848964369010e+00
3.503999999999999915e+01,1.682529410943506276e+00,3.736530036079321437e+00,1.070241923998881184e+00,4.263913303503285235e+00
3.506000000000000227e+01,1.779482305646596263e+00,3.625926553157361454e+00,1.108541427084445585e+00,4.224311353395363788e+00
3.507999999999999829e+01,1.886757803385637589e+00,3.503061409305388008e+00,1.150507421192493052e+00,4.180284453537884026e+00
3.510000000000000142e+01,2.005224993184333560e+00,3.366859063438979227e+00,1.196575879541057041e+00,4.131322389500973635e+00
3.511999999999999744e+01,2.135564902399770038e+00,3.216414654359855962e+00,1.247221089496667323e+00,4.076867679915680220e+00
3.514000000000000057e+01,2.278097732907762296e+00,3.051170525803868383e+00,1.302946959921782222e+00,4.016323445127678582e+00
3.516000000000000369e+01,2.432544894637352684e+00,2.871161409416123078e+00,1.364270262087727170e+00,3.949069502778821850e+00
3.517999999999999972e+01,2.597730316374692094e+00,2.677325089786036560e+00,1.431692651429420815e+00,3.874490002219399098e+00
3.520000000000000284e+01,2.771254544231397166e+00,2.471846255601837683e+00,1.505658353841585972e+00,3.792015936702717305e+00
3.521999999999999886e+01,2.949222436475944509e+00,2.258453272472662476e+00,1.586495591794325311e+00,3.701184744158122264e+00
3.524000000000000199e+01,3.126161242216696223e+00,2.042530018002392200e+00,1.674342888146491459e+00,3.601716185382446866e+00
3.525999999999999801e+01,3.295296526077534427e+00,1.830871509297220090e+00,1.769066662701162196e+00,3.493598392174689593e+00
3.528000000000000114e+01,3.449300716546762402e+00,1.630961388306441551e+00,1.870183177111921502e+00,3.377171214417494127e+00
3.530000000000000426e+01,3.581449644065069382e+00,1.449826446457199269e+00,1.976803167476045342e+00,3.253188457216993346e+00
3.532000000000000028e+01,3.686865814908479422e+00,1.292781282732487824e+00,2.087617467875515498e+00,3.122840276152458738e+00
3.534000000000000341e+01,3.763371540159427209e+00,1.162538241183370680e+00,2.200934075705053061e+00,2.987724491491432932e+00
3.535999999999999943e+01,3.811601593488577855e+00,1.059040757051031179e+00,2.314763641155830776e+00,2.849768844173538707e+00
3.538000000000000256e+01,3.834394844692774473e+00,9.800154739770631229e-01,2.426938122500787554e+00,2.711118513139672004e+00
3.539999999999999858e+01,3.835818450236378130e+00,9.219039715396041279e-01,2.535242913582940183e+00,2.574007941094565766e+00
3.542000000000000171e+01,3.820241714614038830e+00,8.807643381572159980e-01,2.637546954456258863e+00,2.440632183814881451e+00
3.543999999999999773e+01,3.791704219180535240e+00,8.528969992984388737e-01,2.731922961413727258e+00,2.313025655497805033e+00
3.546000000000000085e+01,3.753610241092260491e+00,8.351568930031026960e-01,2.816754477095448017e+00,2.192951707409159123e+00
3.548000000000000398e+01,3.708661783328081718e+00,8.250331459454361971e-01,2.890825110872583537e+00,2.081807851407323273e+00
3.550000000000000000e+01,3.658921800244126388e+00,8.205998933628297909e-01,2.953380455786673409e+00,1.980556408023991466e+00
3.552000000000000313e+01,3.605927103517880372e+00,8.204161540841931055e-01,3.004150343043530569e+00,1.889693386163571187e+00
3.553999999999999915e+01,3.550805606380699420e+00,8.234191091510166816e-01,3.043323135895541043e+00,1.809264640416021086e+00
3.556000000000000227e+01,3.494378150959505991e+00,8.288304524445961885e-01,3.071474611535243593e+00,1.738927717232058301e+00
3.557999999999999829e+01,3.437239545282761100e+00,8.360814951021507957e-01,3.089466065726207411e+00,1.678045707799679764e+00
3.560000000000000142e+01,3.379820012690875952e+00,8.447562367883808543e-01,3.098332771999169566e+00,1.625792661881381385e+00
3.561999999999999744e+01,3.322430518715894010e+00,8.545493305095452907e-01,3.099182136089009276e+00,1.581251488361543611e+00
3.564000000000000057e+01,3.265295694347633670e+00,8.652355445034879411e-01,3.093113465457286271e+00,1.543492287399362617e+00
3.566000000000000369e+01,3.208577565351897309e+00,8.766477596122715932e-01,3.081162973655690251e+00,1.511627098854426032e+00
3.567999999999999972e+01,3.152392607714413320e+00,8.886611659427177123e-01,3.064271719121594906e+00,1.484842879447573649e+00
3.570000000000000284e+01,3.096824012635386314e+00,9.011819088674565270e-01,3.043271394051606293e+00,1.462417337120144323e+00
3.571999999999999886e+01,3.041930530659322951e+00,9.141389105908123147e-01,3.018882446557642485e+00,1.443722777349873310e+00
3.574000000000000199e+01,2.987752875888236570e+00,9.274779547487124187e-01,2.991719817161495598e+00,1.428222425304247700e+00
3.575999999999999801e+01,2.934318387443594744e+00,9.411573856755893752e-01,2.962302760134182478e+00,1.415462591942133530e+00
3.578000000000000114e+01,2.881644442154888797e+00,9.551449632154233038e-01,2.931066349937383020e+00,1.405062993641482239e+00
3.580000000000000426e+01,2.829740968508152488e+00,9.694155480190618235e-01,2.898373171193037390e+00,1.396706685903053247e+00
3.582000000000000028e+01,2.778612310422584386e+00,9.839493867344666356e-01,2.864524335157947910e+00,1.390130458402098590e+00
3.584000000000000341e+01,2.728258617999505642e+00,9.987308329490938164e-01,2.829769395944448540e+00,1.385116126682619520e+00
3.585999999999999943e+01,2.678676892057498815e+00,1.013747386531110628e+00,2.794315009750321543e+00,1.381482895286583412e+00
3.588000000000000256e+01,2.629861773705083561e+00,1.028988967042375746e+00,2.758332339136935651e+00,1.379080812284334989e+00
3.589999999999999858e+01,2.581806144978021855e+00,1.044447360295335914e+00,2.721963289984743462e+00,1.377785250202452794e+00
3.592000000000000171e+01,2.534501588594454180e+00,1.060115793779343063e+00,2.685325708374883824e+00,1.377492307503457081e+00
3.593999999999999773e+01,2.487938742007835824e+00,1.075988608594072415e+00,2.648517676741643179e+00,1.378115010553890185e+00
3.596000000000000085e+01,2.442107571667119004e+00,1.092061004094632359e+00,2.611621045225743565e+00,1.379580196981628815e+00
3.598000000000000398e+01,2.396997586679616266e+00,1.108328837648792975e+00,2.574704322786275590e+00,1.381825970243890644e+00
3.600000000000000000e+01,2.352598006181187973e+00,1.124788466413628951e+00,2.537825037879925194e+00,1.384799627697038016e+00
3.602000000000000313e+01,2.308897891134833014e+00,1.141436621336360258e+00,2.501031663046870968e+00,1.388455977899844207e+00
3.603999999999999915e+01,2.265886248637534628e+00,1.158270306010962036e+00,2.464365182999074033e+00,1.392755975871015739e+00
3.606000000000000227e+01,2.223552114857134665e+00,1.175286714818611244e+00,2.427860372492407048e+00,1.397665616848315029e+00
3.607999999999999829e+01,2.181884621260893997e+00,1.192483166117709104e+00,2.391546838643847206e+00,1.403155039473075183e+00
3.610000000000000142e+01,2.140873047702320786e+00,1.209857047251064577e+00,2.355449872444948411e+00,1.409197798204720575e+00
3.611999999999999744e+01,2.100506865106857468e+00,1.227405768892481541e+00,2.319591145908695307e+00,1.415770272238866978e+00
3.614000000000000057e+01,2.060775769870458518e+00,1.245126726826743413e+00,2.283989284394722485e+00,1.422851184404564151e+00
3.616000000000000369e+01,2.021669711607161801e+00,1.263017269692630951e+00,2.248660337995389558e+00,1.430421208617510764e+00
3.617999999999999972e+01,1.983178915515209306e+00,1.281074671552440369e+00,2.213618171244282617e+00,1.438462648631958718e+00
3.620000000000000284e+01,1.945293900348620486e+00,1.299296108408725114e+00,2.178874786657087448e+00,1.446959174217423039e+00
3.621999999999999886e+01,1.908005492762049560e+00,1.317678637988323631e+00,2.144440594580800497e+00,1.455895603622740397e+00
3.624000000000000199e+01,1.871304838626089984e+00,1.336219182269042127e+00,2.110324639380786849e+00,1.465257723396124367e+00
3.625999999999999801e+01,1.835183411776638795e+00,1.354914512345971378e+00,2.076534790026815180e+00,1.475032138404166471e+00
3.628000000000000114e+01,1.799633020556972163e+00,1.373761235330105190e+00,2.043077901557854403e+00,1.485206146317251008e+00
3.630000000000000426e+01,1.764645812428425664e+00,1.392755783047512352e+00,2.009959952636357627e+00,1.495767631971125500e+00
3.632000000000000028e+01,1.730214276860152500e+00,1.411894402367217083e+00,1.977186163384876627e+00,1.506704977929606004e+00
3.634000000000000341e+01,1.696331246656686664e+00,1.431173147033479864e+00,1.944761096881615803e+00,1.518006988306400684e+00
3.635999999999999943e+01,1.662989897841146814e+00,1.450587870915885924e+00,1.912688747036956460e+00,1.529662823491037216e+00
3.638000000000000256e+01,1.630183748179758751e+00,1.470134222620451236e+00,1.880972615047812990e+00,1.541661943894023556e+00
3.639999999999999858e+01,1.597906654408296934e+00,1.489807641428317897e+00,1.849615776205122852e+00,1.553994061203056942e+00
3.642000000000000171e+01,1.566152808201803248e+00,1.509603354546645626e+00,1.818620938491100958e+00,1.566649095944048664e+00
3.643999999999999773e+01,1.534916730914552163e+00,1.529516375669860651e+00,1.787990494130599295e+00,1.579617140382930662e+00
3.646000000000000085e+01,1.504193267106959331e+00,1.549541504859162533e+00,1.757726565041761058e+00,1.592888425998578494e+00
3.648000000000000398e+01,1.473977576869377693e+00,1.569673329754605051e+00,1.727831042954667939e+00,1.606453294913240404e+00
3.650000000000000000e+01,1.444265126949033640e+00,1.589906228137561550e+00,1.698305624824421933e+00,1.620302174792186189e+00
3.652000000000000313e+01,1.415051680685349922e+00,1.610234371862264480e+00,1.669151844050433819e+00,1.634425556824878889e+00
3.653999999999999915e+01,1.386333286760276229e+00,1.630651732173631130e+00,1.640371097921263566e+00,1.648813976480635990e+00
3.656000000000000227e+01,1.358106266773735582e+00,1.651152086424966248e+00,1.611964671629970702e+00,1.663457996796269489e+00
3.657999999999999829e+01,1.330367201659662824e+00,1.671729026203564450e+00,1.583933759145191855e+00,1.678348194004600336e+00
3.660000000000000142e+01,1.303112916965139867e+00,1.692375966864894110e+00,1.556279481175383950e+00,1.693475145353427580e+00
3.661999999999999744e+01,1.276340467023604930e+00,1.713086158467126419e+00,1.529002900425735723e+00,1.708829418996415717e+00
3.664000000000000057e+01,1.250047118062824314e+00,1.733852698087434918e+00,1.502105034317390064e+00,1.724401565861951813e+00
3.666000000000000369e+01,1.224230330299035385e+00,1.754668543489967369e+00,1.475586865315513085e+00,1.740182113424536769e+00
3.667999999999999972e+01,1.198887739080173098e+00,1.775526528102848944e+00,1.449449348995230702e+00,1.756161561316701203e+00
3.670000000000000284e+01,1.174017135153135882e+00,1.796419377248282601e+00,1.423693419961657547e+00,1.772330378728555811e+00
3.671999999999999886e+01,1.149616444142375293e+00,1.817339725555980667e+00,1.398319995731378329e+00,1.788679003547552826e+00
3.674000000000000199e+01,1.125683705339439733e+00,1.838280135476068722e+00,1.373329978677242158e+00,1.805197843193390828e+00
3.675999999999999801e+01,1.102217049915193980e+00,1.859233116793525653e+00,1.348724256135599875e+00,1.821877277102703419e+00
3.678000000000000114e+01,1.079214678677988815e+00,1.880191147032427068e+00,1.324503698774751825e+00,1.838707660815615874e+00
3.680000000000000426e+01,1.056674839511792197e+00,1.901146692625063972e+00,1.300669157324932712e+00,1.855679331611809868e+00
3.682000000000000028e+01,1.034595804637938876e+00,1.922092230708681404e+00,1.277221457773302760e+00,1.872782615637709647e+00
3.684000000000000341e+01,1.012975847852440214e+00,1.943020271401421306e+00,1.254161395131783596e+00,1.890007836459103308e+00
3.685999999999999943e+01,9.918132218974771153e-01,1.963923380399335672e+00,1.231489725890868359e+00,1.907345324965235678e+00
3.688000000000000256e+01,9.711061361305585171e-01,1.984794201728304675e+00,1.209207159278435473e+00,1.924785430541428255e+00
3.689999999999999858e+01,9.508527346576617356e-01,2.005625480478590461e+00,1.187314347448835683e+00,1.942318533417865867e+00
3.692000000000000171e+01,9.310510750973400862e-01,2.026410085345758727e+00,1.165811874733797993e+00,1.959935058092620919e+00
3.693999999999999773e+01,9.116991081411643938e-01,2.047141030799987771e+00,1.144700246092771101e+00,1.977625487717527220e+00
3.696000000000000085e+01,8.927946580719052783e-01,2.067811498706423556e+00,1.123979874905915555e+00,1.995380379326400444e+00
3.698000000000000398e+01,8.743354043945389398e-01,2.088414859222351705e+00,1.103651070257857691e+00,2.013190379776618855e+00
3.700000000000000000e+01,8.563188647265216336e-01,2.108944690802478039e+00,1.083714023864279286e+00,2.031046242267417146e+00
3.702000000000000313e+01,8.387423790829118264e-01,2.129394799151557383e+00,1.064168796796263416e+00,2.048938843291668199e+00
3.703999999999999915e+01,8.216030956789744932e-01,2.149759234973836364e+00,1.045015306158855184e+00,2.066859199872600250e+00
3.706000000000000227e+01,8.048979583580730957e-01,2.170032310381158069e+00,1.026253311880392483e+00,2.084798486933004291e+00
3.707999999999999829e+01,7.886236957361797417e-01,2.190208613835889828e+00,1.007882403767694113e+00,2.102748054642191278e+00
3.710000000000000142e+01,7.727768121364936293e-01,2.210283023520852375e+00,9.899019889790847682e-01,2.120699445585346510e+00
3.711999999999999744e+01,7.573535803687596601e-01,2.230250719045856478e+00,9.723112800624387209e-01,2.138644411601099193e+00
3.714000000000000057e+01,7.423500363882609143e-01,2.250107191418980079e+00,9.551092836989347745e-01,2.156574930136125889e+00
3.716000000000000369e+01,7.277619758494653368e-01,2.269848251230010661e+00,9.382947902850622413e-01,2.174483219970421377e+00
3.717999999999999972e+01,7.135849525492957701e-01,2.289470035013191129e+00,9.218663644756767139e-01,2.192361756173484721e+00
3.720000000000000284e+01,6.998142787353121008e-01,2.308969009776189019e+00,9.058223367996742770e-01,2.210203284160006554e+00
3.721999999999999886e+01,6.864450272350814952e-01,2.328341975701713196e+00,8.901607964472821877e-01,2.228000832723583624e+00
3.724000000000000199e+01,6.734720353449867858e-01,2.347586067047106262e+00,8.748795853142200540e-01,2.245747725938400219e+00
3.725999999999999801e+01,6.608899103999645863e-01,2.366698751285228663e+00,8.599762933732740811e-01,2.263437593831530759e+00
3.728000000000000114e+01,6.486930369304312327e-01,2.385677826546762859e+00,8.454482554283567763e-01,2.281064381742309077e+00
3.730000000000000426e+01,6.368755852991512256e-01,2.404521417439434039e+00,8.312925492901488411e-01,2.298622358299893698e+00
3.732000000000000028e+01,6.254315216992003545e-01,2.423227969333401788e+00,8.175059953961767434e-01,2.316106121965454179e+00
3.734000000000000341e+01,6.143546193845863534e-01,2.441796241214031937e+00,8.040851578819210310e-01,2.333510606101106166e+00
3.735999999999999943e+01,6.036384709975964880e-01,2.460225297213330276e+00,7.910263470935374741e-01,2.350831082543545225e+00
3.738000000000000256e+01,5.932765018515547828e-01,2.478514496939419942e+00,7.783256235172335558e-01,2.368063163676043636e+00
3.739999999999999858e+01,5.832619840243893350e-01,2.496663484729554572e+00,7.659788030855242402e-01,2.385202803007825167e+00
3.742000000000000171e+01,5.735880511171549401e-01,2.514672177956301269e+00,7.539814638066828500e-01,2.402246294284621442e+00
3.743999999999999773e+01,5.642477135323450410e-01,2.532540754518767923e+00,7.423289536509176667e-01,2.419190269168167262e+00
3.746000000000000085e+01,5.552338741293199043e-01,2.550269639651145948e+00,7.310163996152814203e-01,2.436031693535412046e+00
3.748000000000000398e+01,5.465393441183240553e-01,2.567859492179555225e+00,7.200387178792051479e-01,2.452767862460070170e+00
3.750000000000000000e+01,5.381568590601869539e-01,2.585311190355325639e+00,7.093906249539342346e-01,2.469396393949712998e+00
3.752000000000000313e+01,5.300790948457029250e-01,2.602625817388605878e+00,6.990666497221067477e-01,2.485915221520819784e+00
3.753999999999999915e+01,5.222986835366700831e-01,2.619804646800724779e+00,6.890611462582755253e-01,2.502322585701945989e+00
3.756000000000000227e+01,5.148082289594271277e-01,2.636849127707234341e+00,6.793683073173610865e-01,2.518617024561445650e+00
3.757999999999999829e+01,5.076003219512564835e-01,2.653760870136216532e+00,6.699821783757829996e-01,2.534797363360941524e+00
3.760000000000000142e+01,5.006675551700253690e-01,2.670541630478422412e+00,6.608966721093249008e-01,2.550862703439015888e+00
3.761999999999999744e+01,4.940025373877235948e-01,2.687193297157323801e+00,6.521055831925397506e-01,2.566812410431429825e+00
3.764000000000000057e+01,4.875979071989507974e-01,2.703717876598342063e+00,6.436026033066242213e-01,2.582646101934649607e+00
3.766000000000000369e+01,4.814463460857472676e-01,2.720117479567566665e+00,6.353813362460472014e-01,2.598363634718602544e+00
3.767999999999999972e+01,4.755405907903061946e-01,2.736394307941292681e+00,6.274353130186891558e-01,2.613965091592591605e+00
3.770000000000000284e+01,4.698734449569256788e-01,2.752550641958867228e+00,6.197580068396916220e-01,2.629450768025183294e+00
3.771999999999999886e+01,4.644377900139496917e-01,2.768588828002704894e+00,6.123428479254841017e-01,2.644821158614843792e+00
3.774000000000000199e+01,4.592265952753198377e-01,2.784511266941055663e+00,6.051832380013978385e-01,2.660076943503248081e+00
3.775999999999999801e+01,4.542329272496443138e-01,2.800320403061224983e+00,5.982725644437438817e-01,2.675218974817620499e+00
3.778000000000000114e+01,4.494499581523352938e-01,2.816018713613541280e+00,5.916042139850853365e-01,2.690248263222383862e+00
3.780000000000000426e+01,4.448709736233358858e-01,2.831608698979493965e+00,5.851715859195208980e-01,2.705165964653878596e+00
3.782000000000000028e+01,4.404893796592307953e-01,2.847092873471132268e+00,5.789681047530002012e-01,2.719973367305093426e+00
3.784000000000000341e+01,4.362987087741053704e-01,2.862473756763073141e+00,5.729872322518791972e-01,2.734671878920384103e+00
3.785999999999999943e+01,4.322926254083918618e-01,2.877753865953304402e+00,5.672224788509953042e-01,2.749263014453087628e+00
3.788000000000000256e+01,4.284649306091306009e-01,2.892935708244397830e+00,5.616674143903898075e-01,2.763748384131946789e+00
3.789999999999999858e+01,4.248095660086084191e-01,2.908021774232737222e+00,5.563156781573577181e-01,2.778129681975362697e+00
3.792000000000000171e+01,4.213206171312399717e-01,2.923014531789933645e+00,5.511609882176794484e-01,2.792408674785807232e+00
3.793999999999999773e+01,4.179923160608745580e-01,2.937916420517674432e+00,5.461971500266338264e-01,2.806587191650320001e+00
3.796000000000000085e+01,4.148190435024745049e-01,2.952729846754857057e+00,5.414180643166630613e-01,2.820667113966920159e+00
3.798000000000000398e+01,4.117953302733713961e-01,2.967457179113910826e+00,5.368177342643176697e-01,2.834650366011035594e+00
3.800000000000000000e+01,4.089158582601036263e-01,2.982100744521711366e+00,5.323902719443400766e-01,2.848538906050743336e+00
3.802000000000000313e+01,4.061754608772222275e-01,2.996662824739390718e+00,5.281299040834308567e-01,2.862334718014714952e+00
3.803999999999999915e+01,4.035691230644642413e-01,3.011145653334604155e+00,5.240309771303830466e-01,2.876039803712300280e+00
3.806000000000000227e+01,4.010919808583824353e-01,3.025551413079396568e+00,5.200879616628736324e-01,2.889656175601190480e+00
3.807999999999999829e+01,3.987393205739251933e-01,3.039882233746685980e+00,5.162954561542774101e-01,2.903185850094521570e+00
3.810000000000000142e+01,3.965065776306278544e-01,3.054140190278504807e+00,5.126481901264412500e-01,2.916630841396165685e+00
3.811999999999999744e+01,3.943893350570387146e-01,3.068327301299481391e+00,5.091410267164447889e-01,2.929993155850257658e+00
3.814000000000000057e+01,3.923833217058023126e-01,3.082445527949576825e+00,5.057689646870078271e-01,2.943274786788708575e+00
3.816000000000000369e+01,3.904844102104865211e-01,3.096496773010776415e+00,5.025271399114208393e-01,2.956477709858559955e+00
3.817999999999999972e+01,3.886886147138030601e-01,3.110482880303250042e+00,4.994108263646899748e-01,2.969603878809490283e+00
3.820000000000000284e+01,3.869920883953586466e-01,3.124405634327418468e+00,4.964154366530620921e-01,2.982655221720585281e+00
3.821999999999999886e+01,3.853911208255113574e-01,3.138266760129358346e+00,4.935365221142330450e-01,2.995633637644602665e+00
3.824000000000000199e+01,3.838821351703152751e-01,3.152067923368043978e+00,4.907697725204064332e-01,3.008540993647343953e+00
3.825999999999999801e+01,3.824616852709354364e-01,3.165810730564017295e+00,4.881110154159722381e-01,3.021379122219409297e+00
3.828000000000000114e+01,3.811264526193213209e-01,3.179496729510212560e+00,4.855562151209652511e-01,3.034149819037499363e+00
3.830000000000000426e+01,3.798732432503532097e-01,3.193127409826794327e+00,4.831014714306581248e-01,3.046854841052499818e+00
3.832000000000000028e+01,3.786989845691362544e-01,3.206704203643004014e+00,4.807430180406892517e-01,3.059495904881855743e+00
3.834000000000000341e+01,3.776007221306186823e-01,3.220228486390138922e+00,4.784772207260334365e-01,3.072074685484159406e+00
3.835999999999999943e+01,3.765756163872637230e-01,3.233701577690881734e+00,4.763005753009327270e-01,3.084592815094417961e+00
3.838000000000000256e+01,3.756209394191146744e-01,3.247124742331285674e+00,4.742097053856318967e-01,3.097051882399119105e+00
3.839999999999999858e+01,3.747340716592642007e-01,3.260499191302753896e+00,4.722013600044311366e-01,3.109453431930959244e+00
3.842000000000000171e+01,3.739124986264752981e-01,3.273826082902357548e+00,4.702724110381991118e-01,3.121798963663902082e+00
3.843999999999999773e+01,3.731538076755057665e-01,3.287106523880797493e+00,4.684198505530997592e-01,3.134089932790112165e+00
3.846000000000000085e+01,3.724556847745606469e-01,3.300341570628232635e+00,4.666407880258850449e-01,3.146327749661192996e+00
3.848000000000000398e+01,3.718159113182393782e-01,3.313532230389062860e+00,4.649324474847209565e-01,3.158513779877105243e+00
3.850000000000000000e+01,3.712323609833553251e-01,3.326679462497581952e+00,4.632921645831378221e-01,3.170649344507066481e+00
3.852000000000000313e+01,3.707029966340826266e-01,3.339784179627187655e+00,4.617173836233570139e-01,3.182735720427686488e+00
3.853999999999999915e+01,3.702258672820323837e-01,3.352847249046556399e+00,4.602056545439385249e-01,3.194774140764528259e+00
3.856000000000000227e+01,3.697991051060674494e-01,3.365869493876880725e+00,4.587546298854322524e-01,3.206765795424207255e+00
3.857999999999999829e+01,3.694209225359377791e-01,3.378851694344889189e+00,4.573620617465015692e-01,3.218711831705040716e+00
3.860000000000000142e+01,3.690896094031488328e-01,3.391794589026959184e+00,4.560257987418283032e-01,3.230613354975155449e+00
3.861999999999999744e+01,3.688035301618642348e-01,3.404698876080180625e+00,4.547437829720026303e-01,3.242471429407787209e+00
3.864000000000000057e+01,3.685611211820853939e-01,3.417565214456722344e+00,4.535140470145548885e-01,3.254287078764345864e+00
3.866000000000000369e+01,3.683608881168452531e-01,3.430394225098320593e+00,4.523347109442995562e-01,3.266061287216583509e+00
3.867999999999999972e+01,3.682014033446944223e-01,3.443186492108134544e+00,4.512039793902333784e-01,3.277795000199963393e+00
3.870000000000000284e+01,3.680813034883460566e-01,3.455942563897588915e+00,4.501201386353609335e-01,3.289489125291014116e+00
3.871999999999999886e+01,3.679992870099745295e-01,3.468662954306193313e+00,4.490815537650125755e-01,3.301144533102141843e+00
3.874000000000000199e+01,3.679541118833339342e-01,3.481348143692634345e+00,4.480866658684676818e-01,3.312762058187986636e+00
3.875999999999999801e+01,3.679445933425667947e-01,3.493998579995734932e+00,4.471339892979992459e-01,3.324342499958000019e+00
3.878000000000000114e+01,3.679696017073157965e-01,3.506614679764134657e+00,4.462221089888165348e-01,3.335886623590478717e+00
3.880000000000000426e+01,3.680280602835215853e-01,3.519196829153782513e+00,4.453496778427913916e-01,3.347395160943791748e+00
3.882000000000000028e+01,3.681189433390920640e-01,3.531745384892541750e+00,4.445154141783160817e-01,3.358868811461016346e+00
3.884000000000000341e+01,3.682412741534556999e-01,3.544260675211396094e+00,4.437180992481487007e-01,3.370308243064653819e+00
3.885999999999999943e+01,3.683941231398643601e-01,3.556743000741918515e+00,4.429565748266544034e-01,3.381714093038470814e+00
3.888000000000000256e+01,3.685766060391851839e-01,3.569192635379800471e+00,4.422297408674490948e-01,3.393086968893921807e+00
3.889999999999999858e+01,3.687878821838169729e-01,3.581609827114384803e+00,4.415365532320866815e-01,3.404427449218923929e+00
3.892000000000000171e+01,3.690271528302797588e-01,3.593994798824245773e+00,4.408760214901058516e-01,3.415736084507085657e+00
3.893999999999999773e+01,3.692936595589574877e-01,3.606347749038962380e+00,4.402472067904609765e-01,3.427013397965763541e+00
3.896000000000000085e+01,3.695866827394183041e-01,3.618668852667322522e+00,4.396492198041038191e-01,3.438259886301593848e+00
3.898000000000000398e+01,3.699055400596981680e-01,3.630958261692254219e+00,4.390812187372539199e-01,3.449476020482370675e+00
3.900000000000000000e+01,3.702495851179038455e-01,3.643216105832854712e+00,4.385424074146970774e-01,3.460662246474356607e+00
3.902000000000000313e+01,3.706182060744750983e-01,3.655442493173925556e+00,4.380320334322759246e-01,3.471818985954305603e+00
3.903999999999999915e+01,3.710108243634379632e-01,3.667637510763473330e+00,4.375493863775878900e-01,3.482946636995647438e+00
3.906000000000000227e+01,3.714268934609833428e-01,3.679801225178659152e+00,4.370937961177764897e-01,3.494045574728426473e+00
3.907999999999999829e+01,3.718658977097135665e-01,3.691933683060709459e+00,4.366646311531940938e-01,3.505116151972742067e+00
3.910000000000000142e+01,3.723273511969164007e-01,3.704034911619312531e+00,4.362612970356244402e-01,3.516158699845530311e+00
3.911999999999999744e+01,3.728107966852474697e-01,3.716104919107042992e+00,4.358832348496796683e-01,3.527173528340653341e+00
3.914000000000000057e+01,3.733158045942306935e-01,3.728143695264354740e+00,4.355299197559280300e-01,3.538160926882344626e+00
3.916000000000000369e+01,3.738419720310170447e-01,3.740151211735683656e+00,4.352008595942630786e-01,3.549121164852135024e+00
3.917999999999999972e+01,3.743889218688791765e-01,3.752127422457200989e+00,4.348955935459946076e-01,3.560054492089454126e+00
3.920000000000000284e+01,3.749563018719585528e-01,3.764072264016744107e+00,4.346136908531167409e-01,3.570961139366161774e+00
3.921999999999999886e+01,3.755437838648246207e-01,3.775985655986438871e+00,4.343547495931995850e-01,3.581841318835303323e+00
3.924000000000000199e+01,3.761510629454500321e-01,3.787867501228516787e+00,4.341183955083466328e-01,3.592695224454432790e+00
3.925999999999999801e+01,3.767778567402539358e-01,3.799717686174803877e+00,4.339042808866646617e-01,3.603523032383868063e+00
3.928000000000000114e+01,3.774239046999138258e-01,3.811536081080338700e+00,4.337120834947055248e-01,3.614324901360275177e+00
3.930000000000000426e+01,3.780889674346970541e-01,3.823322540251557378e+00,4.335415055593549449e-01,3.625100973045987107e+00
3.932000000000000028e+01,3.787728260881151332e-01,3.835076902249445308e+00,4.333922727976697864e-01,3.635851372354487410e+00
3.934000000000000341e+01,3.794752817477565765e-01,3.846798990068041491e+00,4.332641334931895405e-01,3.646576207752479704e+00
3.935999999999999943e+01,3.801961548922071499e-01,3.858488611288635628e+00,4.331568576172818430e-01,3.657275571538984860e+00
3.938000000000000256e+01,3.809352848730215291e-01,3.870145558209977299e+00,4.330702359941166479e-01,3.667949540101882011e+00
3.939999999999999858e+01,3.816925294307642047e-01,3.881769607954774326e+00,4.330040795079007632e-01,3.678598174152326816e+00
3.942000000000000171e+01,3.824677642441932646e-01,3.893360522552729908e+00,4.329582183510477522e-01,3.689221518937453759e+00
3.943999999999999773e+01,3.832608825117158613e-01,3.904918049000323244e+00,4.329325013119983412e-01,3.699819604431767495e+00
3.946000000000000085e+01,3.840717945642997955e-01,3.916441919297505070e+00,4.329267951014542093e-01,3.710392445507602943e+00
3.948000000000000398e+01,3.849004275090821547e-01,3.927931850461436891e+00,4.329409837158313401e-01,3.720940042085024047e+00
3.950000000000000000e+01,3.857467249029713496e-01,3.939387544517366280e+00,4.329749678367899035e-01,3.731462379261506257e+00
3.952000000000000313e+01,3.866106464555960076e-01,3.950808688466682206e+00,4.330286642657434903e-01,3.741959427421726936e+00
3.953999999999999915e+01,3.874921677610104753e-01,3.962194954232155730e+00,4.331020053923017032e-01,3.752431142327757652e+00
3.956000000000000227e+01,3.883912800576232449e-01,3.973545998580322536e+00,4.331949386956490122e-01,3.762877465189940818e+00
3.957999999999999829e+01,3.893079900158725737e-01,3.984861463020920702e+00,4.333074262779141872e-01,3.773298322718683373e+00
3.960000000000000142e+01,3.902423195532303546e-01,3.996140973683245612e+00,4.334394444286348569e-01,3.783693627157392214e+00
3.961999999999999744e+01,3.911943056761737481e-01,4.007384141169237246e+00,4.335909832194733138e-01,3.794063276296730791e+00
3.964000000000000057e+01,3.921640003488222614e-01,4.018590560383064947e+00,4.337620461283906992e-01,3.804407153470349190e+00
3.966000000000000369e+01,3.931514703879976369e-01,4.029759810336913439e+00,4.339526496925384946e-01,3.814725127532207161e+00
3.967999999999999972e+01,3.941567973845235828e-01,4.040891453932627719e+00,4.341628231891783152e-01,3.825017052815574914e+00
3.970000000000000284e+01,3.951800776506428914e-01,4.051985037718817573e+00,4.343926083439918484e-01,3.835282769073753872e+00
3.971999999999999886e+01,3.962214221934925451e-01,4.063040091622955430e+00,4.346420590661950190e-01,3.845522101402533366e+00
3.974000000000000199e+01,3.972809567146388665e-01,4.074056128657939091e+00,4.349112412099238600e-01,3.855734860144351295e+00
3.975999999999999801e+01,3.983588216357412670e-01,4.085032644602543783e+00,4.352002323614098112e-01,3.865920840774087708e+00
3.978000000000000114e+01,3.994551721504776554e-01,4.095969117655092973e+00,4.355091216515151742e-01,3.876079823766383825e+00
3.980000000000000426e+01,4.005701783029337326e-01,4.106865008059627620e+00,4.358380095932543608e-01,3.886211574444334182e+00
3.982000000000000028e+01,4.017040250927277345e-01,4.117719757703774519e+00,4.361870079439762460e-01,3.896315842809348950e+00
3.984000000000000341e+01,4.028569126072149009e-01,4.128532789687432647e+00,4.365562395919395100e-01,3.906392363351947061e+00
3.985999999999999943e+01,4.040290561811907821e-01,4.139303507861312070e+00,4.369458384670658058e-01,3.916440854843181718e+00
3.988000000000000256e+01,4.052206865845905392e-01,4.150031296334288911e+00,4.373559494757103816e-01,3.926461020106367883e+00
3.989999999999999858e+01,4.064320502387618883e-01,4.160715518948426173e+00,4.377867284593470742e-01,3.936452545768703626e+00
3.992000000000000171e+01,4.076634094619744353e-01,4.171355518720438305e+00,4.382383421771183785e-01,3.946415101992348795e+00
3.993999999999999773e+01,4.089150427449166347e-01,4.181950617248256563e+00,4.387109683122635273e-01,3.956348342184453859e+00
3.996000000000000085e+01,4.101872450570239748e-01,4.192500114081251006e+00,4.392047955024921402e-01,3.966251902685571373e+00
3.998000000000000398e+01,4.114803281845800798e-01,4.203003286052554799e+00,4.397200233944357217e-01,3.976125402435831901e+00
4.000000000000000000e+01,4.127946211016348399e-01,4.213459386571808629e+00,4.402568627223687470e-01,3.985968442618192498e+00
4.002000000000000313e+01,4.141304703748927563e-01,4.223867644876517780e+00,4.408155354114579594e-01,3.995780606277999691e+00
4.003999999999999915e+01,4.154882406038390430e-01,4.234227265240074090e+00,4.413962747058637337e-01,4.005561457918040524e+00
4.006000000000000227e+01,4.168683148974934305e-01,4.244537426134343150e+00,4.419993253220866336e-01,4.015310543068175697e+00
4.007999999999999829e+01,4.182710953893108985e-01,4.254797279344575855e+00,4.426249436280242922e-01,4.025027387828568948e+00
4.010000000000000142e+01,4.196970037918857921e-01,4.265005949034215149e+00,4.432733978482797932e-01,4.034711498385455286e+00
4.011999999999999744e+01,4.211464819932638770e-01,4.275162530756999146e+00,4.439449682963392263e-01,4.044362360498272579e+00
4.014000000000000057e+01,4.226199926968227660e-01,4.285266090413575313e+00,4.446399476343194657e-01,4.053979438956928583e+00
4.016000000000000369e+01,4.241180201068491251e-01,4.295315663149612107e+00,4.453586411610735429e-01,4.063562177007829845e+00
4.017999999999999972e+01,4.256410706621213125e-01,4.305310252192202647e+00,4.461013671295318561e-01,4.073109995747233647e+00
4.020000000000000284e+01,4.271896738199984500e-01,4.315248827621083194e+00,4.468684570942524914e-01,4.082622293480331344e+00
4.021999999999999886e+01,4.287643828937243162e-01,4.325130325070957404e+00,4.476602562902575189e-01,4.092098445044392463e+00
4.024000000000000199e+01,4.303657759458772158e-01,4.334953644360930447e+00,4.484771240443379825e-01,4.101537801094126579e+00
4.025999999999999801e+01,4.319944567411369007e-01,4.344717648046753311e+00,4.493194342201264346e-01,4.110939687347317850e+00
4.028000000000000114e+01,4.336510557617986872e-01,4.354421159891268545e+00,4.501875756983558796e-01,4.120303403788613927e+00
4.030000000000000426e+01,4.353362312897436914e-01,4.364062963248087179e+00,4.510819528938566636e-01,4.129628223829211464e+00
4.032000000000000028e+01,4.370506705588767526e-01,4.373641799353158888e+00,4.520029863109795154e-01,4.138913393419988651e+00
4.034000000000000341e+01,4.387950909823698509e-01,4.383156365518487974e+00,4.529511131392826018e-01,4.148158130115480624e+00
4.035999999999999943e+01,4.405702414594026006e-01,4.392605313221808139e+00,4.539267878914802212e-01,4.157361622085868014e+00
4.038000000000000256e+01,4.423769037664754822e-01,4.401987246085547589e+00,4.549304830858219573e-01,4.166523027073960606e+00
4.039999999999999858e+01,4.442158940387872512e-01,4.411300717737906218e+00,4.559626899752552975e-01,4.175641471293915608e+00
4.042000000000000171e+01,4.460880643476210494e-01,4.420544229548296400e+00,4.570239193259218458e-01,4.184716048268192878e+00
4.043999999999999773e+01,4.479943043801751790e-01,4.429716228228789632e+00,4.581147022477539132e-01,4.193745817598981240e+00
4.046000000000000085e+01,4.499355432288099643e-01,4.438815103292551356e+00,4.592355910801658170e-01,4.202729803670045783e+00
4.048000000000000398e+01,4.519127512972662686e-01,4.447839184359518860e+00,4.603871603360863429e-01,4.211666994274629872e+00
4.050000000000000000e+01,4.539269423320472785e-01,4.456786738298792905e+00,4.615700077078479513e-01,4.220556339164726722e+00
4.052000000000000313e+01,4.559791755878492281e-01,4.465655966196350413e+00,4.627847551387405112e-01,4.229396748516643711e+00
4.053999999999999915e+01,4.580705581366875112e-01,4.474445000135754746e+00,4.640320499643560970e-01,4.238187091307423771e+00
4.056000000000000227e+01,4.602022473311933037e-01,4.483151899778515137e+00,4.653125661281949932e-01,4.246926193596239685e+00
4.057999999999999829e+01,4.623754534334658661e-01,4.491774648729618846e+00,4.666270054763785313e-01,4.255612836704405488e+00
4.060000000000000142e+01,4.645914424218617889e-01,4.500311150672553495e+00,4.679760991367224454e-01,4.264245755287174866e+00
4.061999999999999744e+01,4.668515389891942369e-01,4.508759225256783409e+00,4.693606089878676890e-01,4.272823635289909383e+00
4.064000000000000057e+01,4.691571297470163437e-01,4.517116603719177448e+00,4.707813292246519343e-01,4.281345111780636259e+00
4.066000000000000369e+01,4.715096666519799085e-01,4.525380924219273737e+00,4.722390880264323854e-01,4.289808766650333283e+00
4.067999999999999972e+01,4.739106706717116646e-01,4.533549726866502816e+00,4.737347493356505734e-01,4.298213126171588350e+00
4.070000000000000284e+01,4.763617357092465587e-01,4.541620448415534028e+00,4.752692147545590773e-01,4.306556658405490623e+00
4.071999999999999886e+01,4.788645328068173446e-01,4.549590416603778387e+00,4.768434255687261092e-01,4.314837770445761223e+00
4.074000000000000199e+01,4.814208146517426901e-01,4.557456844102716786e+00,4.784583649066900257e-01,4.323054805488208530e+00
4.075999999999999801e+01,4.840324204093010563e-01,4.565216822052123646e+00,4.801150600459694329e-01,4.331206039712566458e+00
4.078000000000000114e+01,4.867012809098499870e-01,4.572867313143389012e+00,4.818145848765493233e-01,4.339289678962646946e+00
4.080000000000000426e+01,4.894294242200757927e-01,4.580405144214966029e+00,4.835580625339677696e-01,4.347303855209537993e+00
4.082000000000000028e+01,4.922189816311680066e-01,4.587826998319472160e+00,4.853466682152357548e-01,4.355246622781197452e+00
4.084000000000000341e+01,4.950721940999393555e-01,4.595129406218077861e+00,4.871816321920393600e-01,4.363115954340334390e+00
4.085999999999999943e+01,4.979914191824965086e-01,4.602308737253522075e+00,4.890642430370196747e-01,4.370909736590822270e+00
4.088000000000000256e+01,5.009791385040489597e-01,4.609361189548319970e+00,4.909958510804079967e-01,4.378625765691096738e+00
4.089999999999999858e+01,5.040379658128788520e-01,4.616282779469409014e+00,4.929778721159350230e-01,4.386261742351004855e+00
4.092000000000000171e+01,5.071706556714336012e-01,4.623069330294597101e+00,4.950117913767458355e-01,4.393815266586371671e+00
4.093999999999999773e+01,5.103801128430159872e-01,4.629716460009586143e+00,4.970991678040632133e-01,4.401283832103141336e+00
4.096000000000000085e+01,5.136694024387016277e-01,4.636219568157040172e+00,4.992416386335693512e-01,4.408664820280256080e+00
4.098000000000000398e+01,5.170417608959988476e-01,4.642573821650969101e+00,5.014409243269494221e-01,4.415955493717458324e+00
4.100000000000000000e+01,5.205006078684742965e-01,4.648774139460574162e+00,5.036988338787899977e-01,4.423152989310923822e+00
4.102000000000000313e+01,5.240495591142109166e-01,4.654815176057468307e+00,5.060172705320837849e-01,4.430254310815946006e+00
4.103999999999999915e+01,5.276924404806666580e-01,4.660691303508728289e+00,5.083982379390006301e-01,4.437256320851837188e+00
4.106000000000000227e+01,5.314333030944073943e-01,4.666396592085374273e+00,5.108438468073835947e-01,4.444155732299670980e+00
4.107999999999999829e+01,5.352764398764650045e-01,4.671924789241428400e+00,5.133563220776757863e-01,4.450949099038426837e+00
4.110000000000000142e+01,5.392264035179052950e-01,4.677269296802458953e+00,5.159380106797283316e-01,4.457632805959477196e+00
4.111999999999999744e+01,5.432880260658085048e-01,4.682423146184197194e+00,5.185913899242545755e-01,4.464203058193029428e+00
4.114000000000000057e+01,5.474664402875158986e-01,4.687378971441173547e+00,5.213190765896512646e-01,4.470655869473094235e+00
4.116000000000000369e+01,5.517671030009756450e-01,4.692128979921963428e+00,5.241238367715976842e-01,4.476987049559645548e+00
4.117999999999999972e+01,5.561958205816701639e-01,4.696664920281249600e+00,5.270085965703581454e-01,4.483192190627763196e+00
4.120000000000000284e+01,5.607587768823186769e-01,4.700978047568967533e+00,5.299764536991770081e-01,4.489266652523584256e+00
4.121999999999999886e+01,5.654625638307853031e-01,4.705059085082854864e+00,5.330306901066924619e-01,4.495205546775688177e+00
4.124000000000000199e+01,5.703142150049123060e-01,4.708898182632112572e+00,5.361747857170643394e-01,4.501003719237888667e+00
4.125999999999999801e+01,5.753212425209692782e-01,4.712484870815957017e+00,5.394124334036831669e-01,4.506655731225158945e+00
4.128000000000000114e+01,5.804916776157837965e-01,4.715808010870722988e+00,5.427475553261091878e-01,4.512155838988320511e+00
4.130000000000000426e+01,5.858341153522478306e-01,4.718855739581942821e+00,5.461843207755180396e-01,4.517497971354863751e+00
4.132000000000000028e+01,5.913577639347730175e-01,4.721615408692372284e+00,5.497271656916769000e-01,4.522675705342621200e+00
4.134000000000000341e+01,5.970724991865630216e-01,4.724073518161886476e+00,5.533808140346609949e-01,4.527682239529541519e+00
4.135999999999999943e+01,6.029889248156536929e-01,4.726215642549064455e+00,5.571503012175158531e-01,4.532510364936129577e+00
4.138000000000000256e+01,6.091184391831550027e-01,4.728026349685250374e+00,5.610409998323154790e-01,4.537152433146720121e+00
4.139999999999999858e+01,6.154733093869142468e-01,4.729489110697827847e+00,5.650586479320559574e-01,4.541600321361079828e+00
4.142000000000000171e+01,6.220667535891543087e-01,4.730586200307849154e+00,5.692093801651662011e-01,4.545845394028202868e+00
4.143999999999999773e+01,6.289130326501727319e-01,4.731298586175047838e+00,5.734997620987953848e-01,4.549878460668804969e+00
4.146000000000000085e+01,6.360275522850611374e-01,4.731605805887156180e+00,5.779368281122748696e-01,4.553689729440994149e+00
4.148000000000000398e+01,6.434269771403386962e-01,4.731485829986177727e+00,5.825281232942147724e-01,4.557268755943843175e+00
4.150000000000000000e+01,6.511293583968043031e-01,4.730914909186905604e+00,5.872817498367036704e-01,4.560604386684819822e+00
4.152000000000000313e+01,6.591542767490431443e-01,4.729867403666730752e+00,5.922064184893877092e-01,4.563684696557766429e+00
4.153999999999999915e+01,6.675230028971083085e-01,4.728315591983684563e+00,5.973115057163742581e-01,4.566496919586557901e+00
4.156000000000000227e+01,6.762586780193469149e-01,4.726229456803503481e+00,6.026071172918211483e-01,4.569027372083654726e+00
4.157999999999999829e+01,6.853865170859806399e-01,4.723576444176482703e+00,6.081041591779368094e-01,4.571261367250023966e+00
4.160000000000000142e+01,6.949340383313652447e-01,4.720321192589378434e+00,6.138144166545648206e-01,4.573183120100344112e+00
4.161999999999999744e+01,7.049313227413290806e-01,4.716425227412787358e+00,6.197506428156706049e-01,4.574775641431651607e+00
4.164000000000000057e+01,7.154113080454453932e-01,4.711846615653844772e+00,6.259266577185995661e-01,4.576020619360408048e+00
4.166000000000000369e+01,7.264101224500973952e-01,4.706539575088283911e+00,6.323574596713308349e-01,4.576898286727543841e+00
4.167999999999999972e+01,7.379674642275334540e-01,4.700454030861846100e+00,6.390593503763529748e-01,4.577387272407464458e+00
4.170000000000000284e+01,7.501270343132492302e-01,4.693535111491579315e+00,6.460500759234530932e-01,4.577464434248438963e+00
4.171999999999999886e+01,7.629370302876163912e-01,4.685722574830947451e+00,6.533489859450266612e-01,4.577104671009978532e+00
4.174000000000000199e+01,7.764507115609784460e-01,4.676950152951833140e+00,6.609772136252525243e-01,4.576280710238002314e+00
4.175999999999999801e+01,7.907270472826227747e-01,4.667144802998969055e+00,6.689578796989772425e-01,4.574962868519292236e+00
4.178000000000000114e+01,8.058314604962044658e-01,4.656225848839734560e+00,6.773163240996394885e-01,4.573118779969364667e+00
4.180000000000000426e+01,8.218366844147689809e-01,4.644103995711246213e+00,6.860803695323369755e-01,4.570713088116475475e+00
4.182000000000000028e+01,8.388237494377032144e-01,4.630680197000016207e+00,6.952806219748246530e-01,4.567707095530501249e+00
4.184000000000000341e+01,8.568831227294937403e-01,4.615844348719472023e+00,7.049508139649915961e-01,4.564058364587450178e+00
4.185999999999999943e+01,8.761160258694118408e-01,4.599473783124963688e+00,7.151281975398463553e-01,4.559720261634030436e+00
4.188000000000000256e+01,8.966359602885836111e-01,4.581431528188403490e+00,7.258539948722233515e-01,4.554641435494914958e+00
4.189999999999999858e+01,9.185704749282070924e-01,4.561564294343008363e+00,7.371739160328755203e-01,4.548765219718877262e+00
4.192000000000000171e+01,9.420632157082139413e-01,4.539700144064437559e+00,7.491387549129885359e-01,4.542028946158982450e+00
4.193999999999999773e+01,9.672763018070950070e-01,4.515645793651391848e+00,7.618050761983761188e-01,4.534363155398787981e+00
4.196000000000000085e+01,9.943930790527286678e-01,4.489183490369616614e+00,7.752360084068975477e-01,4.525690687150550673e+00
4.198000000000000398e+01,1.023621305237702561e+00,4.460067402603588249e+00,7.895021603840186586e-01,4.515925631057984724e+00
4.200000000000000000e+01,1.055196824735483485e+00,4.428019457001052928e+00,8.046826812668195217e-01,4.504972115360557083e+00
4.202000000000000313e+01,1.089387788456646078e+00,4.392724556785180923e+00,8.208664866902495305e-01,4.492722907697147328e+00
4.203999999999999915e+01,1.126499466763301260e+00,4.353825122709392481e+00,8.381536767481188033e-01,4.479057799113294713e+00
4.206000000000000227e+01,1.166879682346589675e+00,4.310914917790838352e+00,8.566571736160145667e-01,4.463841739406833042e+00
4.207999999999999829e+01,1.210924849192978936e+00,4.263532157297516889e+00,8.765046082390270943e-01,4.446922689861969147e+00
4.210000000000000142e+01,1.259086530038338481e+00,4.211151979468297668e+00,8.978404851548414944e-01,4.428129159127100145e+00
4.211999999999999744e+01,1.311878298819161515e+00,4.153178480086707758e+00,9.208286508486687172e-01,4.407267391035068371e+00
4.214000000000000057e+01,1.369882487452283693e+00,4.088936725477202216e+00,9.456550816069850818e-01,4.384118182023930110e+00
4.216000000000000369e+01,1.433756064911174022e+00,4.017665498269265889e+00,9.725309878782386619e-01,4.358433324377537055e+00
4.217999999999999972e+01,1.504234379922336107e+00,3.938512061959880128e+00,1.001696197878799488e+00,4.329931705736854042e+00
4.220000000000000284e+01,1.582130714049010622e+00,3.850531040234758784e+00,1.033422724952727911e+00,4.298295154185819200e+00
4.221999999999999886e+01,1.668328437178592472e+00,3.752690702824196478e+00,1.068018328464517497e+00,4.263164214704524113e+00
4.224000000000000199e+01,1.763760927004259349e+00,3.643891644254957818e+00,1.105829729386698990e+00,4.224134195022263505e+00
4.225999999999999801e+01,1.869372249312728496e+00,3.523005103406403382e+00,1.147244916763195732e+00,4.180752050446010948e+00
4.228000000000000114e+01,1.986049002704180610e+00,3.388940905028696715e+00,1.192693654285586380e+00,4.132515015216657872e+00
4.230000000000000426e+01,2.114511218271434512e+00,3.240757709407359410e+00,1.242644845717695290e+00,4.078872356004730193e+00
4.232000000000000028e+01,2.255149096028907341e+00,3.077829607284457758e+00,1.297598843639196975e+00,4.019232224008477239e+00
4.234000000000000341e+01,2.407795371764531289e+00,2.900080349628255671e+00,1.358072143847090407e+00,3.952976262403326224e+00
4.235999999999999943e+01,2.571434814561158966e+00,2.708284999396337156e+00,1.424571367378625997e+00,3.879485217458714885e+00
4.238000000000000256e+01,2.743878641915260097e+00,2.504412475751013112e+00,1.497553350062896360e+00,3.798178946069781681e+00
4.239999999999999858e+01,2.921476269766264178e+00,2.291937275061703971e+00,1.577369123417760921e+00,3.708573313201055655e+00
4.242000000000000171e+01,3.098992942594367861e+00,2.075991076838274996e+00,1.664192302166488169e+00,3.610353787655093516e+00
4.243999999999999773e+01,3.269819794631762200e+00,1.863184365948993282e+00,1.757937341345929827e+00,3.503460589996913566e+00
4.246000000000000085e+01,3.426647177542562428e+00,1.660960587145557943e+00,1.858179683402677362e+00,3.388173584835167063e+00
4.248000000000000398e+01,3.562572427107022932e+00,1.476502394030246190e+00,1.964095560447049804e+00,3.265179131052957207e+00
4.250000000000000000e+01,3.672359706106635091e+00,1.315463666488493555e+00,2.074440251943972857e+00,3.135599720439154581e+00
4.252000000000000313e+01,3.753383730667637419e+00,1.180992447805358392e+00,2.187576960894350719e+00,3.000973502597652054e+00
4.253999999999999915e+01,3.805866852652674215e+00,1.073441651206968883e+00,2.301555508510370274e+00,2.863183516379807614e+00
4.256000000000000227e+01,3.832365446313236834e+00,9.908257204933528239e-01,2.414227100918826086e+00,2.724349406812261787e+00
4.257999999999999829e+01,3.836821851456430732e+00,9.297220064238940207e-01,2.523375536233341876e+00,2.586700554765827498e+00
4.260000000000000142e+01,3.823608611057123241e+00,8.861988097940731723e-01,2.626848312087149750e+00,2.452446827562013265e+00
4.261999999999999744e+01,3.796844149490941067e+00,8.564910991391129214e-01,2.722678649660874584e+00,2.323655907778086060e+00
4.264000000000000057e+01,3.760040567969235248e+00,8.373577976709999371e-01,2.809194805026430153e+00,2.202140955141971279e+00
4.266000000000000369e+01,3.716007023640097273e+00,8.261905306407533178e-01,2.885112592150027133e+00,2.089362853083191141e+00
4.267999999999999972e+01,3.666898940849061539e+00,8.209784729589870711e-01,2.949602382425842162e+00,1.986356022596247106e+00
4.270000000000000284e+01,3.614326984037822932e+00,8.202124509532445762e-01,3.002318307656666629e+00,1.893690508078157864e+00
4.271999999999999886e+01,3.559475428358287008e+00,8.227774669520241391e-01,3.043380213440321391e+00,1.811480495700428905e+00
4.274000000000000199e+01,3.503206988065581839e+00,8.278563986775637762e-01,3.073308952431016650e+00,1.739439616254689014e+00
4.275999999999999801e+01,3.446147106565312423e+00,8.348521404165214488e-01,3.092927989350169327e+00,1.676971034590758247e+00
4.278000000000000114e+01,3.388748247636655275e+00,8.433280572138724951e-01,3.103251982219909610e+00,1.623272404058285323e+00
4.280000000000000426e+01,3.331337477082111587e+00,8.529638628156831492e-01,3.105382441196701038e+00,1.577435919259331465e+00
4.282000000000000028e+01,3.274151086172650160e+00,8.635235041835024328e-01,3.100423712640857143e+00,1.538530138307360629e+00
4.284000000000000341e+01,3.217359566943421623e+00,8.748320016892782158e-01,3.089424096056075264e+00,1.505658398807959930e+00
4.285999999999999943e+01,3.161085566427538129e+00,8.867588108662930457e-01,3.073340504797834161e+00,1.477994931701065440e+00
4.288000000000000256e+01,3.105416794788293799e+00,8.992058711769863599e-01,3.053021838467897986e+00,1.454803037232167640e+00
4.289999999999999858e+01,3.050415328225307476e+00,9.120990018442066694e-01,3.029205512038990911e+00,1.435440498581454838e+00
4.292000000000000171e+01,2.996124340503182548e+00,9.253816830018255501e-01,3.002522257966414365e+00,1.419356845047497373e+00
4.293999999999999773e+01,2.942572998484596969e+00,9.390105382103476339e-01,2.973505484170091417e+00,1.406086007038761521e+00
4.296000000000000085e+01,2.889780042846915808e+00,9.529520338783368238e-01,2.942602626083256290e+00,1.395236824860125902e+00
4.298000000000000398e+01,2.837756423228310343e+00,9.671800526400039510e-01,2.910186868819895523e+00,1.386482987895017116e+00
4.300000000000000000e+01,2.786507249899434324e+00,9.816740975043140027e-01,2.876568297573019795e+00,1.379553332516299191e+00
4.302000000000000313e+01,2.736033248628956471e+00,9.964179537768033112e-01,2.842003994339244333e+00,1.374222987110432115e+00
4.303999999999999915e+01,2.686331852274828513e+00,1.011398685158352295e+00,2.806706890502054463e+00,1.370305571816506696e+00
4.306000000000000227e+01,2.637398025106944655e+00,1.026605875280739655e+00,2.770853358077710826e+00,1.367646491950967658e+00
4.307999999999999829e+01,2.589224889267125018e+00,1.042031050618420274e+00,2.734589617364439285e+00,1.366117270163814235e+00
4.310000000000000142e+01,2.541804203832641829e+00,1.057667238267561149e+00,2.698037084115422868e+00,1.365610815968589131e+00
4.311999999999999744e+01,2.495126733395661933e+00,1.073508624627888208e+00,2.661296794826278234e+00,1.366037513776594103e+00
4.314000000000000057e+01,2.449182533318781996e+00,1.089550290036854996e+00,2.624453047156500851e+00,1.367322009697722329e+00
4.316000000000000369e+01,2.403961171770239602e+00,1.105788000919021519e+00,2.587576382027131583e+00,1.369400585369861201e+00
4.317999999999999972e+01,2.359451903506726289e+00,1.122218045747129800e+00,2.550726019516619480e+00,1.372219019175689336e+00
4.320000000000000284e+01,2.315643806612144751e+00,1.138837104571577052e+00,2.513951845215222747e+00,1.375730848588596622e+00
4.321999999999999886e+01,2.272525890632246082e+00,1.155642144419233075e+00,2.477296028793362304e+00,1.379895960490186146e+00
4.324000000000000199e+01,2.230087182494562281e+00,1.172630334744271696e+00,2.440794342987247401e+00,1.384679448320334849e+00
4.325999999999999801e+01,2.188316795075381460e+00,1.189798978513561201e+00,2.404477239324098292e+00,1.390050685517367768e+00
4.328000000000000114e+01,2.147203982130799105e+00,1.207145455556635660e+00,2.368370726745316013e+00,1.395982573805720106e+00
4.330000000000000426e+01,2.106738182446207475e+00,1.224667175598611157e+00,2.332497090739626966e+00,1.402450932560115548e+00
4.332000000000000028e+01,2.066909055404764217e+00,1.242361538991130221e+00,2.296875483501815030e+00,1.409434001856980201e+00
4.334000000000000341e+01,2.027706509677101643e+00,1.260225903610697529e+00,2.261522409795046151e+00,1.416912037079947728e+00
4.335999999999999943e+01,1.989120726352686219e+00,1.278257556741570822e+00,2.226452128426423815e+00,1.424866977243083088e+00
4.338000000000000256e+01,1.951142177539045619e+00,1.296453691028157662e+00,2.191676985371278086e+00,1.433282172687907696e+00
4.339999999999999858e+01,1.913761641227224919e+00,1.314811383789197485e+00,2.157207691446885178e+00,1.442142160636658677e+00
4.342000000000000171e+01,1.876970213044478974e+00,1.333327579147398856e+00,2.123053554907537332e+00,1.451432479363882644e+00
4.343999999999999773e+01,1.840759315376502059e+00,1.351999072554486148e+00,2.089222677297584596e+00,1.461139513582579985e+00
4.346000000000000085e+01,1.805120704232560547e+00,1.370822497390897787e+00,2.055722119263679204e+00,1.471250365114048275e+00
4.348000000000000398e+01,1.770046474141036885e+00,1.389794313397770376e+00,2.022558041714761057e+00,1.481752744091895613e+00
4.350000000000000000e+01,1.735529061295049136e+00,1.408910796760937334e+00,1.989735826665406604e+00,1.492634876897335650e+00
4.352000000000000313e+01,1.701561245114136200e+00,1.428168031715949304e+00,1.957260181253787090e+00,1.503885427781098683e+00
4.353999999999999915e+01,1.668136148345581882e+00,1.447561903582220921e+00,1.925135227748344668e+00,1.515493431734507457e+00
4.356000000000000227e+01,1.635247235795550758e+00,1.467088093165340279e+00,1.893364581814066083e+00,1.527448236658597303e+00
4.357999999999999829e+01,1.602888311754123496e+00,1.486742072490856659e+00,1.861951420873194873e+00,1.539739453269819203e+00
4.360000000000000142e+01,1.571053516158237962e+00,1.506519101851659714e+00,1.830898544044972986e+00,1.552356911493192548e+00
4.361999999999999744e+01,1.539737319521457426e+00,1.526414228165275500e+00,1.800208424867413282e+00,1.565290622344295723e+00
4.364000000000000057e+01,1.508934516648613000e+00,1.546422284647690715e+00,1.769883257777510543e+00,1.578530744502522509e+00
4.366000000000000369e+01,1.478640219146103663e+00,1.566537891817227690e+00,1.739924999143811046e+00,1.592067554939453844e+00
4.367999999999999972e+01,1.448849846734494129e+00,1.586755459845915261e+00,1.710335403498191464e+00,1.605891423095826331e+00
4.370000000000000284e+01,1.419559117368650369e+00,1.607069192277069236e+00,1.681116055495130102e+00,1.619992788204665635e+00
4.371999999999999886e+01,1.390764036171676210e+00,1.627473091126670379e+00,1.652268398031176311e+00,1.634362139441634332e+00
4.374000000000000199e+01,1.362460883192087469e+00,1.647960963382825605e+00,1.623793756880381522e+00,1.648989998650466804e+00
4.375999999999999801e+01,1.334646199998751559e+00,1.668526428912319837e+00,1.595693362139613436e+00,1.663866905444651545e+00
4.378000000000000114e+01,1.307316775134903297e+00,1.689162929776192978e+00,1.567968366728186957e+00,1.678983404528763712e+00
4.380000000000000426e+01,1.280469628460813025e+00,1.709863740947584976e+00,1.540619862146890728e+00,1.694330035116001554e+00
4.382000000000000028e+01,1.254101994424213107e+00,1.730621982414968452e+00,1.513648891670453356e+00,1.709897322344153814e+00
4.384000000000000341e+01,1.228211304308167717e+00,1.751430632642529517e+00,1.487056461123405837e+00,1.725675770611631465e+00
4.385999999999999943e+01,1.202795167517470176e+00,1.772282543347063699e+00,1.460843547370959783e+00,1.741655858769392662e+00
4.388000000000000256e+01,1.177851351976625160e+00,1.793170455537559382e+00,1.435011104643023838e+00,1.757828037114353092e+00
4.389999999999999858e+01,1.153377763724777738e+00,1.814087016749874381e+00,1.409560068800040922e+00,1.774182726135904220e+00
4.392000000000000171e+01,1.129372425805309721e+00,1.835024799394846973e+00,1.384491359643320596e+00,1.790710316969995386e+00
4.393999999999999773e+01,1.105833456559973449e+00,1.855976320124077095e+00,1.359805881369398950e+00,1.807401173515352122e+00
4.396000000000000085e+01,1.082759047449089573e+00,1.876934060103761404e+00,1.335504521267240285e+00,1.824245636164204987e+00
4.398000000000000398e+01,1.060147440530217144e+00,1.897890486073652072e+00,1.311588146758364548e+00,1.841234027095754122e+00
4.400000000000000000e+01,1.037996905737534004e+00,1.918838072055730759e+00,1.288057600882891451e+00,1.858356657074813789e+00
4.402000000000000313e+01,1.016305718112683332e+00,1.939769321565830706e+00,1.264913696338679561e+00,1.875603833690988376e+00
4.403999999999999915e+01,9.950721351447844309e-01,1.960676790171475892e+00,1.242157208185891593e+00,1.892965870965609421e+00
4.406000000000000227e+01,9.742943743824633573e-01,1.981553108230901250e+00,1.219788865335135197e+00,1.910433100244782079e+00
4.407999999999999829e+01,9.539705914839184953e-01,2.002391003641796896e+00,1.197809340943520651e+00,1.927995882287556917e+00
4.410000000000000142e+01,9.340988588720490204e-01,2.023183324423988072e+00,1.176219241849256303e+00,1.945644620448689466e+00
4.411999999999999744e+01,9.146771451604194247e-01,2.043923060958176663e+00,1.155019097181516408e+00,1.963369774845967308e+00
4.414000000000000057e+01,8.957032955122348206e-01,2.064603367703152781e+00,1.134209346287996523e+00,1.981161877392923820e+00
4.416000000000000369e+01,8.771750130885489494e-01,2.085217584216593867e+00,1.113790326127584773e+00,1.999011547569162328e+00
4.417999999999999972e+01,8.590898417336397808e-01,2.105759255309731959e+00,1.093762258279696420e+00,2.016909508792726680e+00
4.420000000000000284e+01,8.414451500349614532e-01,2.126222150173737280e+00,1.074125235724845417e+00,2.034846605252199403e+00
4.421999999999999886e+01,8.242381168824486348e-01,2.146600280325551058e+00,1.054879209552779695e+00,2.052813819050679278e+00
4.424000000000000199e+01,8.074657186373964679e-01,2.166887916232954403e+00,1.036023975754830850e+00,2.070802287509677875e+00
4.425999999999999801e+01,7.911247180049061356e-01,2.187079602492696839e+00,1.017559162255914806e+00,2.088803320478409997e+00
4.428000000000000114e+01,7.752116546862337643e-01,2.207170171451271035e+00,9.994842163387671619e-01,2.106808417493088115e+00
4.430000000000000426e+01,7.597228378686298189e-01,2.227154755175150047e+00,9.817983926084689061e-01,2.124809284631717254e+00
4.432000000000000028e+01,7.446543405907233293e-01,2.247028795695683812e+00,9.645007416390930510e-01,2.142797850912589119e+00
4.434000000000000341e+01,7.300019960015493581e-01,2.266788053473043352e+00,9.475900994364068186e-01,2.160766284089223888e+00
4.435999999999999943e+01,7.157613955112857029e-01,2.286428614043276131e+00,9.310650778410690664e-01,2.178707005700823096e+00
4.438000000000000256e+01,7.019278888120102922e-01,2.305946892832325901e+00,9.149240559857618749e-01,2.196612705245381214e+00
4.439999999999999858e+01,6.884965857276534873e-01,2.325339638140442311e+00,8.991651729073243393e-01,2.214476353352288651e+00
4.442000000000000171e+01,6.754623598341200630e-01,2.344603932319422768e+00,8.837863214013944591e-01,2.232291213842451327e+00
4.443999999999999773e+01,6.628198537735822127e-01,2.363737191183278075e+00,8.687851431924882295e-01,2.250050854576468140e+00
4.446000000000000085e+01,6.505634861714614248e-01,2.382737161709927332e+00,8.541590254770909940e-01,2.267749157005032323e+00
4.448000000000000398e+01,6.386874600508306576e-01,2.401601918107128864e+00,8.399050988814249497e-01,2.285380324350281711e+00
4.450000000000000000e+01,6.271857726270623212e-01,2.420329856329880513e+00,8.260202368593455580e-01,2.302938888362024539e+00
4.452000000000000313e+01,6.160522263556393874e-01,2.438919687148762172e+00,8.125010565395546225e-01,2.320419714608418005e+00
4.453999999999999915e+01,6.052804410982248751e-01,2.457370427879063790e+00,7.993439210152544216e-01,2.337818006276486393e+00
4.456000000000000227e+01,5.948638672663714155e-01,2.475681392888952725e+00,7.865449430537441167e-01,2.355129306473601858e+00
4.457999999999999829e+01,5.847957997986450440e-01,2.493852183011351809e+00,7.740999901885204926e-01,2.372349499036479958e+00
4.460000000000000142e+01,5.750693928253743925e-01,2.511882673988649728e+00,7.620046911423850045e-01,2.389474807869095940e+00
4.461999999999999744e+01,5.656776748756293660e-01,2.529773004081887322e+00,7.502544435170942494e-01,2.406501794845053332e+00
4.464000000000000057e+01,5.566135644832562734e-01,2.547523560976747703e+00,7.388444226733618114e-01,2.423427356323081483e+00
4.466000000000000369e+01,5.478698860526969305e-01,2.565134968117642078e+00,7.277695917146806970e-01,2.440248718336379685e+00
4.467999999999999972e+01,5.394393858507228190e-01,2.582608070598562122e+00,7.170247124795874338e-01,2.456963430527311587e+00
4.470000000000000284e+01,5.313147479969313469e-01,2.599943920735339198e+00,7.066043574396970728e-01,2.473569358908374483e+00
4.471999999999999886e+01,5.234886103336813257e-01,2.617143763438650517e+00,6.965029223951582082e-01,2.490064677538343485e+00
4.474000000000000199e+01,5.159535800648795689e-01,2.634209021500778736e+00,6.867146398551020603e-01,2.506447859209007145e+00
4.475999999999999801e+01,5.087022490624708571e-01,2.651141280901889719e+00,6.772335929881844185e-01,2.522717665242882656e+00
4.478000000000000114e+01,5.017272087494246691e-01,2.667942276233686627e+00,6.680537300273794443e-01,2.538873134505835072e+00
4.480000000000000426e+01,4.950210644782678804e-01,2.684613876329855042e+00,6.591688790137247844e-01,2.554913571740559775e+00
4.482000000000000028e+01,4.885764493345998161e-01,2.701158070183957705e+00,6.505727627656210377e-01,2.570838535327581109e+00
4.484000000000000341e+01,4.823860373053865946e-01,2.717576953226478853e+00,6.422590139634628548e-01,2.586647824579766830e+00
4.485999999999999943e+01,4.764425557620142193e-01,2.733872714023743544e+00,6.342211902436789561e-01,2.602341466674538584e+00
4.488000000000000256e+01,4.707387972179584712e-01,2.750047621452559099e+00,6.264527892015570032e-01,2.617919703325014780e+00
4.489999999999999858e+01,4.652676303303934224e-01,2.766104012395764755e+00,6.189472632083696801e-01,2.633382977287428872e+00
4.492000000000000171e+01,4.600220101240181658e-01,2.782044279995532055e+00,6.116980339551643109e-01,2.648731918797431195e+00
4.493999999999999773e+01,4.549949874237619318e-01,2.797870862493307964e+00,6.046985066429666489e-01,2.663967332022437517e+00
4.496000000000000085e+01,4.501797174907742338e-01,2.813586232677820487e+00,5.979420837469447969e-01,2.679090181611181176e+00
4.498000000000000398e+01,4.455694678631834660e-01,2.829192887955595648e+00,5.914221782901362134e-01,2.694101579415167702e+00
4.500000000000000000e+01,4.411576254094887184e-01,2.844693341052026536e+00,5.851322265705233283e-01,2.709002771449974922e+00
4.502000000000000313e+01,4.369377026081308624e-01,2.860090111345194419e+00,5.790657002934422870e-01,2.723795125157381314e+00
4.503999999999999915e+01,4.329033430717684761e-01,2.875385716829394145e+00,5.732161180693930991e-01,2.738480117022277227e+00
4.506000000000000227e+01,4.290483263390798552e-01,2.890582666700647341e+00,5.675770562452078227e-01,2.753059320591277448e+00
4.507999999999999829e+01,4.253665719605459472e-01,2.905683454552399514e+00,5.621421590441282312e-01,2.767534394933078623e+00
4.510000000000000142e+01,4.218521429076684814e-01,2.920690552166066212e+00,5.569051479975793972e-01,2.781907073573867351e+00
4.511999999999999744e+01,4.184992483374827543e-01,2.935606403878098458e+00,5.518598306582346291e-01,2.796179153934642336e+00
4.514000000000000057e+01,4.153022457460717742e-01,2.950433421502759668e+00,5.470001085903093418e-01,2.810352487291172263e+00
4.516000000000000369e+01,4.122556425461230689e-01,2.965173979787786962e+00,5.423199846388595535e-01,2.824428969271542744e+00
4.517999999999999972e+01,4.093540971044367649e-01,2.979830412378550619e+00,5.378135694851664539e-01,2.838410530900858042e+00
4.520000000000000284e+01,4.065924192757373601e-01,2.994405008265161428e+00,5.334750875000590087e-01,2.852299130197714305e+00
4.521999999999999886e+01,4.039655704692090565e-01,3.008900008686175021e+00,5.292988819112477428e-01,2.866096744322534917e+00
4.524000000000000199e+01,4.014686632839109537e-01,3.023317604462088859e+00,5.252794193044264537e-01,2.879805362273798686e+00
4.525999999999999801e+01,3.990969607486759552e-01,3.037659933731645445e+00,5.214112934810539723e-01,2.893426978124549631e+00
4.528000000000000114e+01,3.968458752012975488e-01,3.051929080064050392e+00,5.176892286983757474e-01,2.906963584788396560e+00
4.530000000000000426e+01,3.947109668408009253e-01,3.066127070920521280e+00,5.141080823194033034e-01,2.920417168301451039e+00
4.532000000000000028e+01,3.926879419854174547e-01,3.080255876439088603e+00,5.106628469022738148e-01,2.933789702604299166e+00
4.534000000000000341e+01,3.907726510675637588e-01,3.094317408517234025e+00,5.073486517596859091e-01,2.947083144806141863e+00
4.535999999999999943e+01,3.889610863957043141e-01,3.108313520167742094e+00,5.041607640199863294e-01,2.960299430911652596e+00
4.538000000000000256e+01,3.872493797114730518e-01,3.122246005124059032e+00,5.010945892220021181e-01,2.973440471989845513e+00
4.539999999999999858e+01,3.856337995688746689e-01,3.136116597672427897e+00,4.981456714759028293e-01,2.986508150763317104e+00
4.542000000000000171e+01,3.841107485607963001e-01,3.149926972689128579e+00,4.953096932222804671e-01,2.999504318595577423e+00
4.543999999999999773e+01,3.826767604164609815e-01,3.163678745862247954e+00,4.925824746212755234e-01,3.012430792853808992e+00
4.546000000000000085e+01,3.813284969918571687e-01,3.177373474078522442e+00,4.899599726029969515e-01,3.025289354624230764e+00
4.548000000000000398e+01,3.800627451736020568e-01,3.191012655956940502e+00,4.874382796097112558e-01,3.038081746757311574e+00
4.550000000000000000e+01,3.788764137151496847e-01,3.204597732511921038e+00,4.850136220593384007e-01,3.050809672220305302e+00
4.552000000000000313e+01,3.777665300227500134e-01,3.218130087930017869e+00,4.826823585587234344e-01,3.063474792734981911e+00
4.553999999999999915e+01,3.767302369071101054e-01,3.231611050445202693e+00,4.804409778939747189e-01,3.076078727678950298e+00
4.556000000000000227e+01,3.757647893153088225e-01,3.245041893298861613e+00,4.782860968238982213e-01,3.088623053229604842e+00
4.557999999999999829e+01,3.748675510561781388e-01,3.258423835771686150e+00,4.762144577012347724e-01,3.101109301730462064e+00
4.560000000000000142e+01,3.740359915310906835e-01,3.271758044275649979e+00,4.742229259450433942e-01,3.113538961260442939e+00
4.561999999999999744e+01,3.732676824808868199e-01,3.285045633495232043e+00,4.723084873861843058e-01,3.125913475387533946e+00
4.564000000000000057e+01,3.725602947585361369e-01,3.298287667567965098e+00,4.704682455064598812e-01,3.138234243089131681e+00
4.566000000000000369e+01,3.719115951360601469e-01,3.311485161295270263e+00,4.686994185905793420e-01,3.150502618822312861e+00
4.567999999999999972e+01,3.713194431532425566e-01,3.324639081375366789e+00,4.669993368087398955e-01,3.162719912728219285e+00
4.570000000000000284e+01,3.707817880147221135e-01,3.337750347650822569e+00,4.653654392462694966e-01,3.174887390955661637e+00
4.571999999999999886e+01,3.702966655411972230e-01,3.350819834364052952e+00,4.637952708954652392e-01,3.187006276090021295e+00
4.574000000000000199e+01,3.698621951796713381e-01,3.363848371414754901e+00,4.622864796234930629e-01,3.199077747674421435e+00
4.575999999999999801e+01,3.694765770769297131e-01,3.376836745613903012e+00,4.608368131289932168e-01,3.211102942811067340e+00
4.578000000000000114e+01,3.691380892197608232e-01,3.389785701929533435e+00,4.594441158988680218e-01,3.223082956831532009e+00
4.580000000000000426e+01,3.688450846448140252e-01,3.402695944720084853e+00,4.581063261756151417e-01,3.235018844025612239e+00
4.582000000000000028e+01,3.685959887204209307e-01,3.415568138951581734e+00,4.568214729445155275e-01,3.246911618419205947e+00
4.584000000000000341e+01,3.683892965021913768e-01,3.428402911395402874e+00,4.555876729489873878e-01,3.258762254592455054e+00
4.585999999999999943e+01,3.682235701637320835e-01,3.441200851803818406e+00,4.544031277414831704e-01,3.270571688530128363e+00
4.588000000000000256e+01,3.680974365034139772e-01,3.453962514060861633e+00,4.532661207764285272e-01,3.282340818496952473e+00
4.589999999999999858e+01,3.680095845277399080e-01,3.466688417306467596e+00,4.521750145508838248e-01,3.294070505931254722e+00
4.592000000000000171e+01,3.679587631115256996e-01,3.479379047032126859e+00,4.511282477978503791e-01,3.305761576350926489e+00
4.593999999999999773e+01,3.679437787348101563e-01,3.492034856146611688e+00,4.501243327364380931e-01,3.317414820266297415e+00
4.596000000000000085e+01,3.679634932961434179e-01,3.504656266010582222e+00,4.491618523824626452e-01,3.329030994095081297e+00
4.598000000000000398e+01,3.680168220016714065e-01,3.517243667439131194e+00,4.482394579224444064e-01,3.340610821075056247e+00
4.600000000000000000e+01,3.681027313292301040e-01,3.529797421671538871e+00,4.473558661534332570e-01,3.352154992170640391e+00
4.602000000000000313e+01,3.682202370664878210e-01,3.542317861307696436e+00,4.465098569905868175e-01,3.363664166969948965e+00
4.603999999999999915e+01,3.683684024220217901e-01,3.554805291210832774e+00,4.457002710439753601e-01,3.375138974569347639e+00
4.606000000000000227e+01,3.685463362080870775e-01,3.567259989376327045e+00,4.449260072656776588e-01,3.386580014442889475e+00
4.607999999999999829e+01,3.687531910937283941e-01,3.579682207766524016e+00,4.441860206678612810e-01,3.397987857294364922e+00
4.610000000000000142e+01,3.689881619267955104e-01,3.592072173111582334e+00,4.434793201122114725e-01,3.409363045890015265e+00
4.611999999999999744e+01,3.692504841233517077e-01,3.604430087676490313e+00,4.428049661707740836e-01,3.420706095870257091e+00
4.614000000000000057e+01,3.695394321229081847e-01,3.616756129994466828e+00,4.421620690580171376e-01,3.432017496539011780e+00
4.616000000000000369e+01,3.698543179078742082e-01,3.629050455567042643e+00,4.415497866336826616e-01,3.443297711629491609e+00
4.617999999999999972e+01,3.701944895855839301e-01,3.641313197531175216e+00,4.409673224757957866e-01,3.454547180045492549e+00
4.620000000000000284e+01,3.705593300312409188e-01,3.653544467293806441e+00,4.404139240230217078e-01,3.465766316577445050e+00
4.621999999999999886e+01,3.709482555901131851e-01,3.665744355134309185e+00,4.398888807854071659e-01,3.476955512592651676e+00
4.624000000000000199e+01,3.713607148373121447e-01,3.677912930775308009e+00,4.393915226224107129e-01,3.488115136699281749e+00
4.625999999999999801e+01,3.717961873934959027e-01,3.690050243922378126e+00,4.389212180870166180e-01,3.499245535383845862e+00
4.628000000000000114e+01,3.722541827948537829e-01,3.702156324773150153e+00,4.384773728346337274e-01,3.510347033621981083e+00
4.630000000000000426e+01,3.727342394157493466e-01,3.714231184496357585e+00,4.380594280954043795e-01,3.521419935462495321e+00
4.632000000000000028e+01,3.732359234424262873e-01,3.726274815681365649e+00,4.376668592084885789e-01,3.532464524584696175e+00
4.634000000000000341e+01,3.737588278962128974e-01,3.738287192758730448e+00,4.372991742168420570e-01,3.543481064829135274e+00
4.635999999999999943e+01,3.743025717046966627e-01,3.750268272392322189e+00,4.369559125209708794e-01,3.554469800701939075e+00
4.638000000000000256e+01,3.748667988193789546e-01,3.762217993843545827e+00,4.366366435901247733e-01,3.565430957852973037e+00
4.639999999999999858e+01,3.754511773783627548e-01,3.774136279308174302e+00,4.363409657293748078e-01,3.576364743528134937e+00
4.642000000000000171e+01,3.760553989126703134e-01,3.786023034226299266e+00,4.360685049010201153e-01,3.587271346996104615e+00
4.643999999999999773e+01,3.766791775948353238e-01,3.797878147565880713e+00,4.358189135987690643e-01,3.598150939949918303e+00
4.646000000000000085e+01,3.773222495284620503e-01,3.809701492080357355e+00,4.355918697731526734e-01,3.609003676883753009e+00
4.648000000000000398e+01,3.779843720774953009e-01,3.821492924540754732e+00,4.353870758066452074e-01,3.619829695445327289e+00
4.650000000000000000e+01,3.786653232339953212e-01,3.833252285942704951e+00,4.352042575369868271e-01,3.630629116764347408e+00
4.652000000000000313e+01,3.793649010232656438e-01,3.844979401688754628e+00,4.350431633272335286e-01,3.641402045757418993e+00
4.653999999999999915e+01,3.800829229452346025e-01,3.856674081746320315e+00,4.349035631810881375e-01,3.652148571409857603e+00
4.656000000000000227e+01,3.808192254510453512e-01,3.868336120781604937e+00,4.347852479021021566e-01,3.662868767034826334e+00
4.657999999999999829e+01,3.815736634538645089e-01,3.879965298269764773e+00,4.346880282953756724e-01,3.673562690510225437e+00
4.660000000000000142e+01,3.823461098729736829e-01,3.891561378581578357e+00,4.346117344104238889e-01,3.684230384493745181e+00
4.661999999999999744e+01,3.831364552102645704e-01,3.903124111046827771e+00,4.345562148239192624e-01,3.694871876616485640e+00
4.664000000000000057e+01,3.839446071583134112e-01,3.914653229994573547e+00,4.345213359610662351e-01,3.705487179655532870e+00
4.666000000000000369e+01,3.847704902392664050e-01,3.926148454770454155e+00,4.345069814544080811e-01,3.716076291685851185e+00
4.667999999999999972e+01,3.856140454738244405e-01,3.937609489731110912e+00,4.345130515389156178e-01,3.726639196211853466e+00
4.670000000000000284e+01,3.864752300796715501e-01,3.949036024215787144e+00,4.345394624822540020e-01,3.737175862278963034e+00
4.671999999999999886e+01,3.873540171987475689e-01,3.960427732495117592e+00,4.345861460491740047e-01,3.747686244565476166e+00
4.674000000000000199e+01,3.882503956528234879e-01,3.971784273697066769e+00,4.346530489990241830e-01,3.758170283455001481e+00
4.675999999999999801e+01,3.891643697268935553e-01,3.983105291709940321e+00,4.347401326154299861e-01,3.768627905089724450e+00
4.678000000000000114e+01,3.900959589799574689e-01,3.994390415062338384e+00,4.348473722672376862e-01,3.779059021404712837e+00
4.680000000000000426e+01,3.910451980828220653e-01,4.005639256779874202e+00,4.349747569998708707e-01,3.789463530143457604e+00
4.682000000000000028e+01,3.920121366826120890e-01,4.016851414218427507e+00,4.351222891562999129e-01,3.799841314854800700e+00
4.684000000000000341e+01,3.929968392937370769e-01,4.028026468873650678e+00,4.352899840268750209e-01,3.810192244871378087e+00
4.685999999999999943e+01,3.939993852151228437e-01,4.039163986166390607e+00,4.354778695273262001e-01,3.820516175269660142e+00
4.688000000000000256e+01,3.950198684735751753e-01,4.050263515203635478e+00,4.356859859042843675e-01,3.830812946811651187e+00
4.689999999999999858e+01,3.960583977932067290e-01,4.061324588514532152e+00,4.359143854677302587e-01,3.841082385868256122e+00
4.692000000000000171e+01,3.971150965909194808e-01,4.072346721760955468e+00,4.361631323498295076e-01,3.851324304324294623e+00
4.693999999999999773e+01,3.981901029980007833e-01,4.083329413422055687e+00,4.364323022896643978e-01,3.861538499465099417e+00
4.696000000000000085e+01,3.992835699079559375e-01,4.094272144452140161e+00,4.367219824434257491e-01,3.871724753844594247e+00
4.698000000000000398e+01,4.003956650507687898e-01,4.105174377911168015e+00,4.370322712196805237e-01,3.881882835134708110e+00
4.700000000000000000e+01,4.015265710938507593e-01,4.116035558567070929e+00,4.373632781393839153e-01,3.892012495955928575e+00
4.702000000000000313e+01,4.026764857700113054e-01,4.126855112469033138e+00,4.377151237203585343e-01,3.902113473688762824e+00
4.703999999999999915e+01,4.038456220328571766e-01,4.137632446490787430e+00,4.380879393860173665e-01,3.912185490265820853e+00
4.706000000000000227e+01,4.050342082401048871e-01,4.148366947842882624e+00,4.384818673981616399e-01,3.922228251944185118e+00
4.707999999999999829e+01,4.062424883653718011e-01,4.159057983552813198e+00,4.388970608137408025e-01,3.932241449057683358e+00
4.710000000000000142e+01,4.074707222390949735e-01,4.169704899911782725e+00,4.393336834655180989e-01,3.942224755748625853e+00
4.711999999999999744e+01,4.087191858193146565e-01,4.180307021886781271e+00,4.397919099666433018e-01,3.952177829678509724e+00
4.714000000000000057e+01,4.099881714931519205e-01,4.190863652496557457e+00,4.402719257391927710e-01,3.962100311717141388e+00
4.716000000000000369e+01,4.112779884099059813e-01,4.201374072149940631e+00,4.407739270667976328e-01,3.971991825609560323e+00
4.717999999999999972e+01,4.125889628467995229e-01,4.211837537944848719e+00,4.412981211715430452e-01,3.981851977620082472e+00
4.720000000000000284e+01,4.139214386085073860e-01,4.222253282926204498e+00,4.418447263153865157e-01,3.991680356152726095e+00
4.721999999999999886e+01,4.152757774617186204e-01,4.232620515300823172e+00,4.424139719264078008e-01,4.001476531347191390e+00
4.724000000000000199e+01,4.166523596061015300e-01,4.242938417607206247e+00,4.430060987502731362e-01,4.011240054649512388e+00
4.725999999999999801e+01,4.180515841831708990e-01,4.253206145838015040e+00,4.436213590273672125e-01,4.020970458356408983e+00
4.728000000000000114e+01,4.194738698246917030e-01,4.263422828512831053e+00,4.442600166961216401e-01,4.030667255132274640e+00
4.730000000000000426e+01,4.209196552424006033e-01,4.273587565698628410e+00,4.449223476231450314e-01,4.040329937497676660e+00
4.732000000000000028e+01,4.223893998609797862e-01,4.283699427975201424e+00,4.456086398608428700e-01,4.049957977288113575e+00
4.734000000000000341e+01,4.238835844963859678e-01,4.293757455342575469e+00,4.463191939333002178e-01,4.059550825081712944e+00
4.735999999999999943e+01,4.254027120818132945e-01,4.303760656067220580e+00,4.470543231512908444e-01,4.069107909594409378e+00
4.738000000000000256e+01,4.269473084437610533e-01,4.313708005463636752e+00,4.478143539573708476e-01,4.078628637041068927e+00
4.739999999999999858e+01,4.285179231308808290e-01,4.323598444607641866e+00,4.485996263021169161e-01,4.088112390460874934e+00
4.742000000000000171e+01,4.301151302984991820e-01,4.333430878977406309e+00,4.494104940526754133e-01,4.097558529005174144e+00
4.743999999999999773e+01,4.317395296519476733e-01,4.343204177017987888e+00,4.502473254349015352e-01,4.106966387185855716e+00
4.746000000000000085e+01,4.333917474520894708e-01,4.352917168624807154e+00,4.511105035104889249e-01,4.116335274082162599e+00
4.748000000000000398e+01,4.350724375867063287e-01,4.362568643541148816e+00,4.520004266906197943e-01,4.125664472503707714e+00
4.750000000000000000e+01,4.367822827117092133e-01,4.372157349664411718e+00,4.529175092878016673e-01,4.134953238107279105e+00
4.752000000000000313e+01,4.385219954664576480e-01,4.381681991255429232e+00,4.538621821077056251e-01,4.144200798464845903e+00
4.753999999999999915e+01,4.402923197678224598e-01,4.391141227044735196e+00,4.548348930829766990e-01,4.153406352079977992e+00
4.756000000000000227e+01,4.420940321880063584e-01,4.400533668229194895e+00,4.558361079511594749e-01,4.162569067349686236e+00
4.757999999999999829e+01,4.439279434215464004e-01,4.409857876351894745e+00,4.568663109790614407e-01,4.171688081468472475e+00
4.760000000000000142e+01,4.457948998473699187e-01,4.419112361057639937e+00,4.579260057360739489e-01,4.180762499271113874e+00
4.761999999999999744e+01,4.476957851922609977e-01,4.428295577715801734e+00,4.590157159191821656e-01,4.189791392010469018e+00
4.764000000000000057e+01,4.496315223026227659e-01,4.437405924901594467e+00,4.601359862326233618e-01,4.198773796066296526e+00
4.766000000000000369e+01,4.516030750319967590e-01,4.446441741726167685e+00,4.612873833253989808e-01,4.207708711580778527e+00
4.767999999999999972e+01,4.536114502524279390e-01,4.455401305005096901e+00,4.624704967901144270e-01,4.216595101016093139e+00
4.770000000000000284e+01,4.556576999984503495e-01,4.464282826254025949e+00,4.636859402269079000e-01,4.225431887629047978e+00
4.771999999999999886e+01,4.577429237532159023e-01,4.473084448499291099e+00,4.649343523765445685e-01,4.234217953857379868e+00
4.774000000000000199e+01,4.598682708871085212e-01,4.481804242890333967e+00,4.662163983270913858e-01,4.242952139611900542e+00
4.775999999999999801e+01,4.620349432600810990e-01,4.490440205099619497e+00,4.675327707989604953e-01,4.251633240468226660e+00
4.778000000000000114e+01,4.642441979999366031e-01,4.498990251494562109e+00,4.688841915135089078e-01,4.260260005751324464e+00
4.780000000000000426e+01,4.664973504698490814e-01,4.507452215064651213e+00,4.702714126508232839e-01,4.268831136505544244e+00
4.782000000000000028e+01,4.687957774396050437e-01,4.515823841085498280e+00,4.716952184027947137e-01,4.277345283342260274e+00
4.784000000000000341e+01,4.711409204763433722e-01,4.524102782499968001e+00,4.731564266281134690e-01,4.285801044156551498e+00
4.785999999999999943e+01,4.735342895720011103e-01,4.532286594994783258e+00,4.746558906163805824e-01,4.294196961703687698e+00
4.788000000000000256e+01,4.759774670262463814e-01,4.540372731749098278e+00,4.761945009691593289e-01,4.302531521025391825e+00
4.789999999999999858e+01,4.784721116054121426e-01,4.548358537829408021e+00,4.777731876064726380e-01,4.310803146715031176e+00
4.792000000000000171e+01,4.810199629998592186e-01,4.556241244202852592e+00,4.793929219079984261e-01,4.319010200009953060e+00
4.793999999999999773e+01,4.836228466043074325e-01,4.564017961338406870e+00,4.810547189990392880e-01,4.327150975698193847e+00
4.796000000000000085e+01,4.862826786480102248e-01,4.571685672362617581e+00,4.827596401922414904e-01,4.335223698825670269e+00
4.798000000000000398e+01,4.890014717042321379e-01,4.579241225733435172e+00,4.845087955970313609e-01,4.343226521188761069e+00
4.800000000000000000e+01,4.917813406113508701e-01,4.586681327392231999e+00,4.863033469098260175e-01,4.351157517595852120e+00
4.802000000000000313e+01,4.946245088410815005e-01,4.594002532350274670e+00,4.881445103992766432e-01,4.359014681879971320e+00
4.803999999999999915e+01,4.975333153528456176e-01,4.601201235661688926e+00,4.900335601021280629e-01,4.366795922642998207e+00
4.806000000000000227e+01,5.005102219772257222e-01,4.608273662730251630e+00,4.919718312467382670e-01,4.374499058710200394e+00
4.807999999999999829e+01,5.035578213758067356e-01,4.615215858892126377e+00,4.939607239229180657e-01,4.382121814271858540e+00
4.810000000000000142e+01,5.066788456295632237e-01,4.622023678210854136e+00,4.960017070185367416e-01,4.389661813686603686e+00
4.812000000000000455e+01,5.098761755133693896e-01,4.628692771414456786e+00,4.980963224453188731e-01,4.397116575918692760e+00
4.814000000000000057e+01,5.131528505202604951e-01,4.635218572897298550e+00,5.002461896784508033e-01,4.404483508578804773e+00
4.816000000000000369e+01,5.165120797058385671e-01,4.641596286701314966e+00,5.024530106370489468e-01,4.411759901535026174e+00
4.817999999999999972e+01,5.199572534307895788e-01,4.647820871382247532e+00,5.047185749352490758e-01,4.418942920057428836e+00
4.820000000000000284e+01,5.234919560879696121e-01,4.653887023656452016e+00,5.070447655366829842e-01,4.426029597456055953e+00
4.821999999999999886e+01,5.271199799100450001e-01,4.659789160712617395e+00,5.094335648484633605e-01,4.433016827168103191e+00
4.824000000000000199e+01,5.308453399643801029e-01,4.665521401060081175e+00,5.118870612945329857e-01,4.439901354245646914e+00
4.825999999999999801e+01,5.346722904539186194e-01,4.671077543771255058e+00,5.144074564124111459e-01,4.446679766190277050e+00
4.828000000000000114e+01,5.386053424563815861e-01,4.676451045959713504e+00,5.169970725220328633e-01,4.453348483075447284e+00
4.830000000000000426e+01,5.426492832494314023e-01,4.681634998317536045e+00,5.196583610206018111e-01,4.459903746891172638e+00
4.832000000000000028e+01,5.468091973867680311e-01,4.686622098515210944e+00,5.223939113632316555e-01,4.466341610038742083e+00
4.834000000000000341e+01,5.510904897097180788e-01,4.691404622244525591e+00,5.252064607957194209e-01,4.472657922895367122e+00
4.835999999999999943e+01,5.554989105010899042e-01,4.695974391658959135e+00,5.280989049131793456e-01,4.478848320359964497e+00
4.838000000000000256e+01,5.600405830132739737e-01,4.700322740936753618e+00,5.310743091265761606e-01,4.484908207281472770e+00
4.839999999999999858e+01,5.647220336312224198e-01,4.704440478658539426e+00,5.341359211285611197e-01,4.490832742660104238e+00
4.842000000000000171e+01,5.695502249635645553e-01,4.708317846653573113e+00,5.372871844605833225e-01,4.496616822499511557e+00
4.843999999999999773e+01,5.745325921923133405e-01,4.711944474925553017e+00,5.405317532951963155e-01,4.502255061173870310e+00
4.846000000000000085e+01,5.796770830540990405e-01,4.715309332219921323e+00,5.438735085610001407e-01,4.507741771158054078e+00
4.848000000000000398e+01,5.849922018744636576e-01,4.718400671738474550e+00,5.473165755529895149e-01,4.513070940951182664e+00
4.850000000000000000e+01,5.904870581324291878e-01,4.721205971443019678e+00,5.508653431884815710e-01,4.518236211003565650e+00
4.852000000000000313e+01,5.961714200964548516e-01,4.723711868316345708e+00,5.545244850885886478e-01,4.523230847434024149e+00
4.853999999999999915e+01,6.020557741463620216e-01,4.725904085864509163e+00,5.582989826877413631e-01,4.528047713298426480e+00
4.856000000000000227e+01,6.081513904803981241e-01,4.727767354047546000e+00,5.621941505994832999e-01,4.532679237140471606e+00
4.857999999999999829e+01,6.144703960041935087e-01,4.729285320714142316e+00,5.662156644961410246e-01,4.537117378521761779e+00
4.860000000000000142e+01,6.210258553111185353e-01,4.730440453487133823e+00,5.703695917936040249e-01,4.541353590189402212e+00
4.862000000000000455e+01,6.278318607940591711e-01,4.731213930897970599e+00,5.746624254710106516e-01,4.545378776494896300e+00
4.864000000000000057e+01,6.349036330799597838e-01,4.731585521396189264e+00,5.791011213994150530e-01,4.549183247627198057e+00
4.866000000000000369e+01,6.422576331542483308e-01,4.731533448660301566e+00,5.836931396044596765e-01,4.552756669164264913e+00
4.867999999999999972e+01,6.499116877467699949e-01,4.731034241404694640e+00,5.884464899467896082e-01,4.556088006380146105e+00
4.870000000000000284e+01,6.578851297892067684e-01,4.730062565607322078e+00,5.933697827717254736e-01,4.559165462667096769e+00
4.871999999999999886e+01,6.661989560322273407e-01,4.728591036768517775e+00,5.984722851581097958e-01,4.561976411342645754e+00
4.874000000000000199e+01,6.748760042360041345e-01,4.726590009444096907e+00,6.037639834870607292e-01,4.564507320007974656e+00
4.875999999999999801e+01,6.839411527288432602e-01,4.724027340866538083e+00,6.092556531567830946e-01,4.566743666503958465e+00
4.878000000000000114e+01,6.934215455757060109e-01,4.720868124965098112e+00,6.149589363921428298e-01,4.568669845371919891e+00
4.880000000000000426e+01,7.033468471235095887e-01,4.717074392505780089e+00,6.208864292404567831e-01,4.570269063564162515e+00
4.882000000000000028e+01,7.137495303077097120e-01,4.712604772379109797e+00,6.270517790114825685e-01,4.571523223960692661e+00
4.884000000000000341e+01,7.246652038319041367e-01,4.707414108248761053e+00,6.334697936142064112e-01,4.572412795028360399e+00
4.885999999999999943e+01,7.361329841893068382e-01,4.701453023814719856e+00,6.401565644708193670e-01,4.572916664701377698e+00
4.888000000000000256e+01,7.481959195057871215e-01,4.694667428814453203e+00,6.471296049552988094e-01,4.573011976260959344e+00
4.889999999999999858e+01,7.609014733767178740e-01,4.686997956553407008e+00,6.544080066174707833e-01,4.572673943638788430e+00
4.892000000000000171e+01,7.743020782766482091e-01,4.678379322185942435e+00,6.620126158218573309e-01,4.571875643154534430e+00
4.893999999999999773e+01,7.884557697792233810e-01,4.668739589117834043e+00,6.699662338640992587e-01,4.570587778210596142e+00
4.896000000000000085e+01,8.034269147771492259e-01,4.657999328724323540e+00,6.782938441382058148e-01,4.568778412894344498e+00
4.898000000000000398e+01,8.192870491851746984e-01,4.646070656020754974e+00,6.870228705292797944e-01,4.566412669763805887e+00
4.900000000000000000e+01,8.361158432929703954e-01,4.632856120929255361e+00,6.961834719149598838e-01,4.563452386298861185e+00
4.902000000000000313e+01,8.540022160595499567e-01,4.618247431296816252e+00,7.058088784933730375e-01,4.559855723565638286e+00
4.903999999999999915e+01,8.730456232513877923e-01,4.602123979783787178e+00,7.159357766371697851e-01,4.555576719542945519e+00
4.906000000000000227e+01,8.933575484525991817e-01,4.584351142117547795e+00,7.266047501258910968e-01,4.550564778269616362e+00
4.907999999999999829e+01,9.150632306162616025e-01,4.564778308984833721e+00,7.378607869578670542e-01,4.544764084461574427e+00
4.910000000000000142e+01,9.383036669218550729e-01,4.543236608066915316e+00,7.497538625138886470e-01,4.538112931487281898e+00
4.912000000000000455e+01,9.632379350937959606e-01,4.519536266556537285e+00,7.623396116616293350e-01,4.530542948551795845e+00
4.914000000000000057e+01,9.900458846873150254e-01,4.493463558261142410e+00,7.756801044690985192e-01,4.521978210600778425e+00
4.916000000000000369e+01,1.018931251544921146e+00,4.464777273709789718e+00,7.898447425395999089e-01,4.512334211808512130e+00
4.917999999999999972e+01,1.050125252596536995e+00,4.433204647627275286e+00,8.049112955645467693e-01,4.501516680577694274e+00
4.920000000000000284e+01,1.083890717616486699e+00,4.398436677555395136e+00,8.209671004403596983e-01,4.489420210821764456e+00
4.921999999999999886e+01,1.120526807506899702e+00,4.360122773312652633e+00,8.381104480555828795e-01,4.475926681074583691e+00
4.924000000000000199e+01,1.160374350398454935e+00,4.317864694270959092e+00,8.564521853327413670e-01,4.460903429967769007e+00
4.925999999999999801e+01,1.203821789819467192e+00,4.271209767841977367e+00,8.761175617955725414e-01,4.444201154347966032e+00
4.928000000000000114e+01,1.251311671628532407e+00,4.219643450236523208e+00,8.972483499668519880e-01,4.425651495648288858e+00
4.930000000000000426e+01,1.303347480244402057e+00,4.162581408188082754e+00,9.200052658797853722e-01,4.405064282516399921e+00
4.932000000000000028e+01,1.360500442577589064e+00,4.099361496250007342e+00,9.445707076590046380e-01,4.382224405442685544e+00
4.934000000000000341e+01,1.423415609503602131e+00,4.029236320472442401e+00,9.711518129702345625e-01,4.356888315854217097e+00
4.935999999999999943e+01,1.492816041726963139e+00,3.951367576059009235e+00,9.999838047317464174e-01,4.328780173435692546e+00
4.938000000000000256e+01,1.569503190267043991e+00,3.864824106684389360e+00,1.031333540686546923e+00,4.297587719727739675e+00
4.939999999999999858e+01,1.654350471771125930e+00,3.768586761374966621e+00,1.065503094385227723e+00,4.262958045646327854e+00
4.942000000000000171e+01,1.748285488318614300e+00,3.661564735392055958e+00,1.102833056235406950e+00,4.224493562736880037e+00
4.943999999999999773e+01,1.852254258877194637e+00,3.542630255067103384e+00,1.143705031799977290e+00,4.181748705473838257e+00
4.946000000000000085e+01,1.967158283598728907e+00,3.410681145168025452e+00,1.188542505066936705e+00,4.134228211603012682e+00
4.948000000000000398e+01,2.093752676427786952e+00,3.264743586666992936e+00,1.237808803940957603e+00,4.081388274401498428e+00
4.950000000000000000e+01,2.232492138650962854e+00,3.104129070915261135e+00,1.292000348434941825e+00,4.022642442536501939e+00
4.952000000000000313e+01,2.383313666340822756e+00,2.928657700452382162e+00,1.351632722959155597e+00,3.957374818536701255e+00
4.953999999999999915e+01,2.545354867149403955e+00,2.738950226316984704e+00,1.417216539991224877e+00,3.884963730225329925e+00
4.956000000000000227e+01,2.716630412348168822e+00,2.536767583775231927e+00,1.489219876225762906e+00,3.804819296711301035e+00
4.957999999999999829e+01,2.893730974004714795e+00,2.325334413871722461e+00,1.568014816752341778e+00,3.716437621481357922e+00
4.960000000000000142e+01,3.071664572743315613e+00,2.109526195653027347e+00,1.653808055593060322e+00,3.619471983600264231e+00
4.962000000000000455e+01,3.244004199917910114e+00,1.895753277023566552e+00,1.746560106301639159e+00,3.513816796941435339e+00
4.964000000000000057e+01,3.403485454232832108e+00,1.691391938710286480e+00,1.845904091739888786e+00,3.399693605680687902e+00
4.966000000000000369e+01,3.543058601687976150e+00,1.503749082170485751e+00,1.951081188785210419e+00,3.277722064512242461e+00
4.967999999999999972e+01,3.657153105586788744e+00,1.338793406237913652e+00,2.060911830539313261e+00,3.148956490654941653e+00
4.970000000000000284e+01,3.742701903737310154e+00,1.200101545975656547e+00,2.173816376710309139e+00,3.014873590562084704e+00
4.971999999999999886e+01,3.799501821154037451e+00,1.088447590484183047e+00,2.287886667751125813e+00,2.877308987776972415e+00
4.974000000000000199e+01,3.829802924278405296e+00,1.002156450936734444e+00,2.400996409746082527e+00,2.738353615402048469e+00
4.975999999999999801e+01,3.837399089269385666e+00,9.379642274601858176e-01,2.510931051148622029e+00,2.600228552679587413e+00
4.978000000000000114e+01,3.826649478674165383e+00,8.919658562700182314e-01,2.615519672701712039e+00,2.465155393035958209e+00
4.980000000000000426e+01,3.801743033669572558e+00,8.603393117011278735e-01,2.712758726359735917e+00,2.335232241470360126e+00
4.982000000000000028e+01,3.766297575731279768e+00,8.397499089660293015e-01,2.800923513334531378e+00,2.212319561676271196e+00
4.984000000000000341e+01,3.723230775665816061e+00,8.274907575168671814e-01,2.878663770684256829e+00,2.097939673673360428e+00
4.985999999999999943e+01,3.674793255760540500e+00,8.214636619088263592e-01,2.945075437814518970e+00,1.993198062159752482e+00
4.988000000000000256e+01,3.622672433945920645e+00,8.200886186082352314e-01,2.999736559512609979e+00,1.898738936105793806e+00
4.989999999999999858e+01,3.568111490653519624e+00,8.221961132217178170e-01,3.042696905573100352e+00,1.814746125511069730e+00
4.992000000000000171e+01,3.512017045779594060e+00,8.269283282825731218e-01,3.074419999014681881e+00,1.740991541151936550e+00
4.993999999999999773e+01,3.455046723851592283e+00,8.336583092949831908e-01,3.095688740412737339e+00,1.676920998725873746e+00
4.996000000000000085e+01,3.397676370698791803e+00,8.419277279707519934e-01,3.107494612972549142e+00,1.621758218381707195e+00
4.998000000000000398e+01,3.340249982065747858e+00,8.514005891898202005e-01,3.110931172061516925e+00,1.574606699184397884e+00
